# id|pos|root|singular or madi|plural or mudari|masdar|English|Urdu|additional surface forms (unvocalized)
seller|noun|ب ي ع|بَائِعٌ|بَائِعُونَ||seller|بیچنے والا|
day|noun|ي و م|يَوْمٌ|أَيَّامٌ||day|دن|
village|noun|ق ر ي|قَرْيَةٌ|قُرًى||village|گاؤں|
man|noun|ر ج ل|رَجُلٌ|رِجَالٌ||man|آدمی|رجلا
name|noun|س م و|اسْمٌ|أَسْمَاءٌ||name|نام|
idol|noun|ص ن م|صَنَمٌ|أَصْنَامٌ||idol|بت|أصناما
house|noun|ب ي ت|بَيْتٌ|بُيُوتٌ||house|گھر|بيتا
people|noun|أ ن س|إِنْسَانٌ|نَاسٌ، أُنَاسٌ||people; human beings|لوگ؛ انسان|
son-child|noun|و ل د|وَلَدٌ|أَوْلَادٌ||son; child|بیٹا؛ بچہ|ولدا
stone|noun|ح ج ر|حَجَرٌ|حِجَارَةٌ، أَحْجَارٌ||stone|پتھر|
fly|noun|ذ ب ب|ذُبَابَةٌ|ذُبَابٌ||fly; flies (collective)|مکھی؛ مکھیاں|ذبابة
mouse|noun|ف أ ر|فَأْرٌ|فِئْرَانٌ||mouse|چوہا|
food|noun|ط ع م|طَعَامٌ|أَطْعِمَةٌ||food|کھانا|
self|noun|ن ف س|نَفْسٌ|نُفُوسٌ، أَنْفُسٌ||self; soul|نفس؛ جان؛ خود|
advice|noun|ن ص ح|نَصِيحَةٌ|نَصَائِحُ||advice|نصیحت|
father-parent|noun|و ل د|وَالِدٌ|وَالِدُونَ||father; parent|والد؛ باپ|
father|noun|أ ب و|أَبٌ|آبَاءٌ||father|باپ|أب أبي أبت أبوه آباء آباءنا
thing|noun|ش ي ء|شَيْءٌ|أَشْيَاءُ||thing|چیز|شيئا
drink-n|noun|ش ر ب|شَرَابٌ|أَشْرِبَةٌ||drink; beverage|مشروب|
community|noun|ق و م|قَوْمٌ|أَقْوَامٌ||people; community (collective)|قوم؛ برادری|
festival|noun|ع و د|عِيدٌ|أَعْيَادٌ||festival; Eid|عید؛ تہوار|
child|noun|ط ف ل|طِفْلٌ|أَطْفَالٌ||child|بچہ|
axe|noun|ف أ س|فَأْسٌ|فُؤُوسٌ||axe|کلہاڑی|
neck|noun|ع ن ق|عُنُقٌ|أَعْنَاقٌ||neck|گردن|
deity|noun|أ ل ه|إِلَهٌ|آلِهَةٌ||deity; god|معبود|
youth|noun|ف ت ي|فَتًى|فِتْيَةٌ، فِتْيَانٌ||young man|نوجوان|
fire|noun|ن و ر|نَارٌ|نِيرَانٌ||fire|آگ|نارا
punishment|noun|ع ق ب|عِقَابٌ|-||punishment (abstract)|سزا|
recompense|noun|ج ز ي|جَزَاءٌ|-||recompense; requital|بدلہ؛ جزا|
answer|noun|ج و ب|جَوَابٌ|أَجْوِبَةٌ||answer|جواب|جوابا
coolness|noun|ب ر د|بَرْدٌ|-||coolness (abstract)|ٹھنڈک|بردا
peace|noun|س ل م|سَلَامٌ|-||peace; safety (abstract)|سلامتی؛ امن|سلاما
night|noun|ل ي ل|لَيْلَةٌ|لَيَالٍ||night|رات|ليل
star|noun|ك و ك ب|كَوْكَبٌ|كَوَاكِبُ||star; celestial body|ستارہ؛ آسمانی جسم|كوكبا
lord|noun|ر ب ب|رَبٌّ|أَرْبَابٌ||lord; sustainer|رب؛ پروردگار|ربي ربنا
moon|noun|ق م ر|قَمَرٌ|أَقْمَارٌ||moon|چاند|
sun|noun|ش م س|شَمْسٌ|شُمُوسٌ||sun|سورج|
morning|noun|ص ب ح|صُبْحٌ|أَصْبَاحٌ||morning; dawn|صبح|
cloud|noun|غ ي م|غَيْمٌ|غُيُومٌ||clouds (collective)|بادل|
world|noun|ع ل م|عَالَمٌ|عَالَمُونَ، عَوَالِمُ||world; realm|جہان؛ عالم|عالمين
prophet|noun|ن ب أ|نَبِيٌّ|أَنْبِيَاءُ||prophet|نبی|نبيا
friend|noun|خ ل ل|خَلِيلٌ|أَخِلَّاءُ||close friend|گہرا دوست|خليلا
worship-n|noun|ع ب د|عِبَادَةٌ|عِبَادَاتٌ||worship|عبادت|
call-n|noun|د ع و|دَعْوَةٌ|دَعَوَاتٌ||call; invitation|دعوت|
enemy|noun|ع د و|عَدُوٌّ|أَعْدَاءٌ||enemy|دشمن|
city|noun|م د ن|مَدِينَةٌ|مُدُنٌ||city|شہر|
king|noun|م ل ك|مَلِكٌ|مُلُوكٌ||king|بادشاہ|
polytheist|noun|ش ر ك|مُشْرِكٌ|مُشْرِكُونَ||polytheist; one who associates partners with Allah|مشرک|
east|noun|ش ر ق|مَشْرِقٌ|مَشَارِقُ||east; place of sunrise|مشرق|
west|noun|غ ر ب|مَغْرِبٌ|مَغَارِبُ||west; place of sunset|مغرب|
country|noun|ب ل د|بَلَدٌ|بِلَادٌ، بُلْدَانٌ||country; town; land|ملک؛ شہر؛ علاقہ|
spouse|noun|ز و ج|زَوْجٌ|أَزْوَاجٌ||spouse; wife in this story|زوج؛ اس قصے میں بیوی|
grass|noun|ع ش ب|عُشْبٌ|أَعْشَابٌ||grass; herbage|گھاس|
tree|noun|ش ج ر|شَجَرَةٌ|شَجَرٌ، أَشْجَارٌ||tree; trees (collective)|درخت|
well|noun|ب أ ر|بِئْرٌ|آبَارٌ||well|کنواں|
river|noun|ن ه ر|نَهْرٌ|أَنْهَارٌ||river|دریا|
animal|noun|ح ي ي|حَيَوَانٌ|حَيَوَانَاتٌ||animal|جانور|
human|noun|ب ش ر|بَشَرٌ|-||human beings (collective; individual: بَشَرِيٌّ)|انسان؛ بشر|
master|noun|س و د|سَيِّدٌ|سَادَةٌ، أَسْيَادٌ||master; sir|آقا؛ جناب|سيدي
water|noun|م و ه|مَاءٌ|مِيَاهٌ، أَمْوَاهٌ||water|پانی|
occasion|noun|م ر ر|مَرَّةٌ|مَرَّاتٌ||time; occasion|مرتبہ؛ بار|
mother|noun|أ م م|أُمٌّ|أُمَّهَاتٌ||mother|ماں|
earth|noun|أ ر ض|أَرْضٌ|أَرَاضٍ||earth; ground|زمین|
pilgrimage|noun|ح ج ج|حَجٌّ|-||Hajj; pilgrimage (verbal noun)|حج|
period|noun|م د د|مُدَّةٌ|مُدَدٌ||period of time|مدت|
dream|noun|ر أ ي|رُؤْيَا|رُؤًى||dream; vision|خواب|
sleep-dream|noun|ن و م|مَنَامٌ|مَنَامَاتٌ||sleep; dream|نیند؛ خواب|مناما
knife|noun|س ك ن|سِكِّينٌ|سَكَاكِينُ||knife|چھری|سكينا
throat|noun|ح ل ق|حُلْقُومٌ|حَلَاقِيمُ||throat|حلق؛ گلا|
son|noun|ب ن و|ابْنٌ|أَبْنَاءٌ||son|بیٹا|ابن بن
test|noun|م ح ن|امْتِحَانٌ|امْتِحَانَاتٌ||test; trial|امتحان|
ram|noun|ك ب ش|كَبْشٌ|كِبَاشٌ||ram|مینڈھا|
paradise|noun|ج ن ن|جَنَّةٌ|جَنَّاتٌ||garden; Paradise here|باغ؛ یہاں جنت|
deed|noun|ع م ل|عَمَلٌ|أَعْمَالٌ||deed; work|عمل؛ کام|
muslim|noun|س ل م|مُسْلِمٌ|مُسْلِمُونَ||Muslim|مسلمان|مسلمين
slaughter-n|noun|ذ ب ح|ذَبْحٌ|-||slaughter (verbal noun)|ذبح کرنا|
mountain|noun|ج ب ل|جَبَلٌ|جِبَالٌ||mountain|پہاڑ|
hand|noun|ي د ي|يَدٌ|أَيْدٍ||hand|ہاتھ|
prayer|noun|ص ل و|صَلَاةٌ|صَلَوَاتٌ||prayer|نماز؛ دعا|
mosque|noun|س ج د|مَسْجِدٌ|مَسَاجِدُ||mosque|مسجد|
brother|noun|أ خ و|أَخٌ|إِخْوَةٌ، إِخْوَانٌ||brother|بھائی|أخوه
story|noun|ق ص ص|قِصَّةٌ|قِصَصٌ||story|قصہ؛ کہانی|
famous|adjective|ش ه ر|مَشْهُورٌ|مَشْهُورُونَ||famous; well known|مشہور|
many|adjective|ك ث ر|كَثِيرٌ|كَثِيرُونَ||many; much|بہت؛ زیادہ|كثيرة كثيرا
big|adjective|ك ب ر|كَبِيرٌ|كِبَارٌ||big; great|بڑا|
wise|adjective|ر ش د|رَشِيدٌ|رُشَدَاءُ||sensible; rightly guided|سمجھ دار؛ نیک راہ پر|
sick|adjective|س ق م|سَقِيمٌ|سُقَمَاءُ||sick; ill|بیمار|
greater|adjective|ك ب ر|أَكْبَرُ|أَكَابِرُ||greater; greatest; largest|زیادہ بڑا؛ سب سے بڑا|
more|adjective|ك ث ر|أَكْثَرُ|-||more; most|زیادہ؛ سب سے زیادہ|
cold|adjective|ب ر د|بَارِدٌ|بَارِدُونَ||cold; cool|ٹھنڈا|باردة
happy|adjective|س ر ر|مَسْرُورٌ|مَسْرُورُونَ||happy; pleased|خوش|
safe|adjective|س ل م|سَالِمٌ|سَالِمُونَ||safe; unharmed|سلامت|
alive|adjective|ح ي ي|حَيٌّ|أَحْيَاءٌ||alive; living|زندہ|
lasting|adjective|ب ق ي|بَاقٍ|بَاقُونَ||remaining; everlasting here|باقی؛ یہاں ہمیشہ رہنے والا|باق
strong|adjective|ق و ي|قَوِيٌّ|أَقْوِيَاءُ||strong; powerful|طاقت ور|
weak|adjective|ض ع ف|ضَعِيفٌ|ضُعَفَاءُ||weak|کمزور|ضعيفة
unjust|adjective|ظ ل م|ظَالِمٌ|ظَالِمُونَ||unjust; oppressive|ظالم|
other|adjective|أ خ ر|آخَرُ|آخَرُونَ||another; other|دوسرا|آخر أخرى
dull|adjective|ب ل د|بَلِيدٌ|بُلَدَاءُ||dull; slow to understand|کند ذہن|بليدا
forbearing|adjective|ح ل م|حَلِيمٌ|حُلَمَاءُ||forbearing; gentle|بردبار|حليما
small|adjective|ص غ ر|صَغِيرٌ|صِغَارٌ||small; young|چھوٹا|صغيرا
truthful|adjective|ص د ق|صَادِقٌ|صَادِقُونَ||truthful; true|سچا|صادقا
patient|adjective|ص ب ر|صَابِرٌ|صَابِرُونَ||patient; steadfast|صبر کرنے والا|صابرين
farther|adjective|ق ص و|أَقْصَى|-||farthest; Al-Aqsa as a mosque name|سب سے دور؛ مسجد کا نام الاقصیٰ|
holy|adjective|ق د س|مَقْدِسٌ|-||holy place; al-Maqdis in the place name|مقدس مقام؛ بیت المقدس کا جزو|
hearing|adjective|س م ع|سَمِيعٌ|-||All-Hearing (divine epithet here)|سب کچھ سننے والا|
knowing|adjective|ع ل م|عَلِيمٌ|-||All-Knowing (divine epithet here)|سب کچھ جاننے والا|
amazing|adjective|ع ج ب|عَجِيبٌ|عَجِيبُونَ||amazing; remarkable|عجیب؛ حیرت انگیز|عجيبة
adha|noun|ض ح و|أَضْحَى|-||sacrifice festival; Eid al-Adha|عید الاضحیٰ|
be|verb|ك و ن|كَانَ|يَكُونُ|كَوْنٌ|be; was|ہونا؛ تھا|كان كانت كانوا كوني
sell|verb|ب ي ع|بَاعَ|يَبِيعُ|بَيْعٌ|sell|بیچنا|يبيع
prostrate|verb|س ج د|سَجَدَ|يَسْجُدُ|سُجُودٌ|prostrate; bow down|سجدہ کرنا|يسجد يسجدون تسجد يسجدوا
worship|verb|ع ب د|عَبَدَ|يَعْبُدُ|عِبَادَةٌ|worship|عبادت کرنا|يعبد يعبدون تعبد تعبدون نعبد أعبد اعبد
see|verb|ر أ ي|رَأَى|يَرَى|رُؤْيَةٌ|see|دیکھنا|رأى يرى أرى ترى
know|verb|ع ر ف|عَرَفَ|يَعْرِفُ|مَعْرِفَةٌ|know; recognize|جاننا؛ پہچاننا|يعرف يعرفون عرف
speak|verb|ك ل م|تَكَلَّمَ|يَتَكَلَّمُ|تَكَلُّمٌ|speak|بات کرنا|تتكلم تتكلمون
hear|verb|س م ع|سَمِعَ|يَسْمَعُ|سَمْعٌ، سَمَاعٌ|hear|سننا|تسمع تسمعون يسمع يسمعون سمع سمعنا
harm|verb|ض ر ر|ضَرَّ|يَضُرُّ|ضَرَرٌ|harm|نقصان پہنچانا|تضر يضر يضرون
benefit|verb|ن ف ع|نَفَعَ|يَنْفَعُ|نَفْعٌ|benefit|فائدہ پہنچانا|تنفع ينفع ينفعون
sit|verb|ج ل س|جَلَسَ|يَجْلِسُ|جُلُوسٌ|sit|بیٹھنا|يجلس
repel|verb|د ف ع|دَفَعَ|يَدْفَعُ|دَفْعٌ|push away; repel|دفع کرنا؛ ہٹانا|تدفع
eat|verb|أ ك ل|أَكَلَ|يَأْكُلُ|أَكْلٌ|eat|کھانا|يأكل تأكل تأكلون
prevent|verb|م ن ع|مَنَعَ|يَمْنَعُ|مَنْعٌ|prevent; stop|روکنا|تمنع يمنع منع
say|verb|ق و ل|قَالَ|يَقُولُ|قَوْلٌ|say|کہنا|يقول قال قالوا قالت يقال تقل
ask|verb|س أ ل|سَأَلَ|يَسْأَلُ|سُؤَالٌ|ask|پوچھنا؛ سوال کرنا|يسأل تسأل تسألون سأل اسألوا
put|verb|و ض ع|وَضَعَ|يَضَعُ|وَضْعٌ|put; place|رکھنا|تضع وضع
drink|verb|ش ر ب|شَرِبَ|يَشْرَبُ|شُرْبٌ|drink|پینا|تشرب تشربون يشرب شرب شربت
anger|verb|غ ض ب|غَضِبَ|يَغْضَبُ|غَضَبٌ|become angry|غصہ ہونا|يغضب يغضبون غضب غضبوا
understand|verb|ف ه م|فَهِمَ|يَفْهَمُ|فَهْمٌ|understand|سمجھنا|يفهم يفهمون تفهمون
advise|verb|ن ص ح|نَصَحَ|يَنْصَحُ|نُصْحٌ، نَصِيحَةٌ|advise|نصیحت کرنا|ينصح
break|verb|ك س ر|كَسَرَ|يَكْسِرُ|كَسْرٌ|break|توڑنا|أكسر يكسر كسر
go|verb|ذ ه ب|ذَهَبَ|يَذْهَبُ|ذَهَابٌ|go|جانا|ذهب يذهب أذهب
come|verb|ج ي ء|جَاءَ|يَجِيءُ|مَجِيءٌ|come|آنا|جاء
rejoice|verb|ف ر ح|فَرِحَ|يَفْرَحُ|فَرَحٌ|rejoice; be happy|خوش ہونا|فرح
leave|verb|خ ر ج|خَرَجَ|يَخْرُجُ|خُرُوجٌ|go out; leave|نکلنا|خرج تخرج يخرج
remain|verb|ب ق ي|بَقِيَ|يَبْقَى|بَقَاءٌ|remain; stay|باقی رہنا|بقي
silence|verb|س ك ت|سَكَتَ|يَسْكُتُ|سُكُوتٌ|be silent|خاموش ہونا|سكت سكتت
utter|verb|ن ط ق|نَطَقَ|يَنْطِقُ|نُطْقٌ|speak; utter|بولنا|تنطق تنطقون نطقت ينطقون
take|verb|أ خ ذ|أَخَذَ|يَأْخُذُ|أَخْذٌ|take|لینا|أخذ
strike|verb|ض ر ب|ضَرَبَ|يَضْرِبُ|ضَرْبٌ|strike; hit|مارنا|ضرب أضرب
abandon|verb|ت ر ك|تَرَكَ|يَتْرُكُ|تَرْكٌ|leave; abandon|چھوڑنا|ترك تركت تتركني اتركني
hang|verb|ع ل ق|عَلَّقَ|يُعَلِّقُ|تَعْلِيقٌ|hang; suspend|لٹکانا|علق
return|verb|ر ج ع|رَجَعَ|يَرْجِعُ|رُجُوعٌ|return|واپس آنا|رجع
enter|verb|د خ ل|دَخَلَ|يَدْخُلُ|دُخُولٌ|enter|داخل ہونا|دخلوا
want|verb|ر و د|أَرَادَ|يُرِيدُ|إِرَادَةٌ|want; intend|چاہنا؛ ارادہ کرنا|أراد أرادت
marvel|verb|ع ج ب|تَعَجَّبَ|يَتَعَجَّبُ|تَعَجُّبٌ|be surprised; marvel|تعجب کرنا|تعجب
astonished|verb|د ه ش|دَهِشَ|يَدْهَشُ|دَهَشٌ|be astonished|حیران ہونا|دهش دهشوا
regret|verb|أ س ف|تَأَسَّفَ|يَتَأَسَّفُ|تَأَسُّفٌ|feel sorry; grieve|افسوس کرنا|تأسف
do|verb|ف ع ل|فَعَلَ|يَفْعَلُ|فِعْلٌ|do|کرنا|فعل فعلت يفعل يفعلون نفعل افعل
remember|verb|ذ ك ر|ذَكَرَ|يَذْكُرُ|ذِكْرٌ|mention; remember|ذکر کرنا؛ یاد کرنا|يذكر
can|verb|ق د ر|قَدَرَ|يَقْدِرُ|قُدْرَةٌ|be able|قدرت رکھنا؛ کر سکنا|يقدر
walk|verb|م ش ي|مَشَى|يَمْشِي|مَشْيٌ|walk|چلنا|يمشي
move|verb|ح ر ك|تَحَرَّكَ|يَتَحَرَّكُ|تَحَرُّكٌ|move|حرکت کرنا|يتحرك
know-learn|verb|ع ل م|عَلِمَ|يَعْلَمُ|عِلْمٌ|know|جاننا|تعلم
reason|verb|ع ق ل|عَقَلَ|يَعْقِلُ|عَقْلٌ|understand; reason|سمجھنا؛ عقل سے کام لینا|تعقلون
ashamed|verb|خ ج ل|خَجِلَ|يَخْجَلُ|خَجَلٌ|be ashamed|شرمندہ ہونا|خجل خجلوا
gather|verb|ج م ع|اجْتَمَعَ|يَجْتَمِعُ|اجْتِمَاعٌ|gather; assemble|جمع ہونا|اجتمع
insult|verb|ه و ن|أَهَانَ|يُهِينُ|إِهَانَةٌ|insult; dishonor|توہین کرنا|أهان
burn|verb|ح ر ق|حَرَّقَ|يُحَرِّقُ|تَحْرِيقٌ|burn intensely|جلا دینا|حرقوا
help|verb|ن ص ر|نَصَرَ|يَنْصُرُ|نَصْرٌ|help; support|مدد کرنا|نصر ينصر تنصر انصروا
ignite|verb|و ق د|أَوْقَدَ|يُوقِدُ|إِيقَادٌ|light; kindle|آگ جلانا|أوقدوا
throw|verb|ل ق ي|أَلْقَى|يُلْقِي|إِلْقَاءٌ|throw; cast|ڈالنا؛ پھینکنا|ألقوا
bewildered|verb|ح ي ر|تَحَيَّرَ|يَتَحَيَّرُ|تَحَيُّرٌ|be bewildered|حیران و پریشان ہونا|تحير تحيروا
disappear|verb|غ ي ب|غَابَ|يَغِيبُ|غَيْبَةٌ، غِيَابٌ|disappear; set (of a celestial body)|غائب ہونا؛ ڈوبنا|غاب غابت يغيب
not-be|verb|ل ي س|لَيْسَ|-|-|not be (defective verb; no ordinary present or masdar)|نہیں ہونا؛ فعل ناقص|ليس
rise|verb|ط ل ع|طَلَعَ|يَطْلُعُ|طُلُوعٌ|rise; appear|طلوع ہونا؛ نکلنا|طلعت
die|verb|م و ت|مَاتَ|يَمُوتُ|مَوْتٌ|die|مرنا|يموت
overcome|verb|غ ل ب|غَلَبَ|يَغْلِبُ|غَلَبَةٌ|overcome; overpower|غالب آنا|يغلب تغلب
guide|verb|ه د ي|هَدَى|يَهْدِي|هِدَايَةٌ|guide|ہدایت دینا|هدى يهدي تهدي يهدين
make|verb|ج ع ل|جَعَلَ|يَجْعَلُ|جَعْلٌ|make; appoint|بنانا؛ مقرر کرنا|جعل
command|verb|أ م ر|أَمَرَ|يَأْمُرُ|أَمْرٌ|command|حکم دینا|أمر يأمر تؤمر
call|verb|د ع و|دَعَا|يَدْعُو|دُعَاءٌ، دَعْوَةٌ|call; invite; pray to|بلانا؛ دعوت دینا؛ دعا کرنا|دعا يدعو تدعون أدعو
find|verb|و ج د|وَجَدَ|يَجِدُ|وُجُودٌ، وِجْدَانٌ|find|پانا|وجد وجدنا ستجدني
create|verb|خ ل ق|خَلَقَ|يَخْلُقُ|خَلْقٌ|create|پیدا کرنا|خلق تخلق
feed|verb|ط ع م|أَطْعَمَ|يُطْعِمُ|إِطْعَامٌ|feed|کھانا کھلانا|يطعم تطعم
give-water|verb|س ق ي|سَقَى|يَسْقِي|سَقْيٌ|give water; give to drink|پانی پلانا|يسقين تسقي تسقيه
ill|verb|م ر ض|مَرِضَ|يَمْرَضُ|مَرَضٌ|become ill|بیمار ہونا|مرض مرضت
heal|verb|ش ف ي|شَفَى|يَشْفِي|شِفَاءٌ|heal|شفا دینا|يشفي يشفين تشفي
cause-death|verb|م و ت|أَمَاتَ|يُمِيتُ|إِمَاتَةٌ|cause to die|موت دینا|يميت تميت أميت
give-life|verb|ح ي ي|أَحْيَا|يُحْيِي|إِحْيَاءٌ|give life; bring to life|زندہ کرنا|يحيي يحيين تحيي أحيي
seek|verb|ط ل ب|طَلَبَ|يَطْلُبُ|طَلَبٌ|seek; ask for; summon|طلب کرنا؛ بلانا|طلب تطلب
fear|verb|خ و ف|خَافَ|يَخَافُ|خَوْفٌ|fear|ڈرنا|يخاف
kill|verb|ق ت ل|قَتَلَ|يَقْتُلُ|قَتْلٌ|kill|قتل کرنا|قتل قتلت
bring-come|verb|أ ت ي|أَتَى|يَأْتِي|إِتْيَانٌ|come; bring|آنا؛ لانا|يأتي يأتون أت
perceive|verb|ب ص ر|أَبْصَرَ|يُبْصِرُ|إِبْصَارٌ|see; perceive|دیکھنا|يبصر
avail|verb|غ ن ي|أَغْنَى|يُغْنِي|إِغْنَاءٌ|avail; be of use|فائدہ دینا؛ کام آنا|يغني
travel|verb|س ف ر|سَافَرَ|يُسَافِرُ|سَفَرٌ، مُسَافَرَةٌ|travel|سفر کرنا|يسافر
farewell|verb|و د ع|وَدَّعَ|يُوَدِّعُ|تَوْدِيعٌ|bid farewell|رخصت کرنا؛ الوداع کہنا|ودع
head-to|verb|ق ص د|قَصَدَ|يَقْصِدُ|قَصْدٌ|head toward; intend|رخ کرنا؛ ارادہ کرنا|قصد
arrive|verb|و ص ل|وَصَلَ|يَصِلُ|وُصُولٌ|arrive; reach|پہنچنا|وصل
stop|verb|ن ز ل|نَزَلَ|يَنْزِلُ|نُزُولٌ|alight; settle; stay|اترنا؛ قیام کرنا|نزل
neglect|verb|ض ي ع|ضَيَّعَ|يُضَيِّعُ|تَضْيِيعٌ|neglect; let perish|ضائع کرنا؛ بے یار و مددگار چھوڑنا|يضيع
thirst|verb|ع ط ش|عَطِشَ|يَعْطَشُ|عَطَشٌ|become thirsty|پیاس لگنا|عطش
run|verb|ج ر ي|جَرَى|يَجْرِي|جَرْيٌ|run; flow|دوڑنا؛ بہنا|يجري تجري
bless|verb|ب ر ك|بَارَكَ|يُبَارِكُ|مُبَارَكَةٌ|bless|برکت دینا|بارك
come-back|verb|ع و د|عَادَ|يَعُودُ|عَوْدَةٌ|return|لوٹنا|عاد
meet|verb|ل ق ي|لَقِيَ|يَلْقَى|لِقَاءٌ|meet|ملنا|لقي
play|verb|ل ع ب|لَعِبَ|يَلْعَبُ|لَعِبٌ|play|کھیلنا|يلعب
love|verb|ح ب ب|أَحَبَّ|يُحِبُّ|مَحَبَّةٌ، إِحْبَابٌ|love|محبت کرنا|أحب يحب
slaughter|verb|ذ ب ح|ذَبَحَ|يَذْبَحُ|ذَبْحٌ|slaughter|ذبح کرنا|يذبح أذبح اذبح تذبح
look|verb|ن ظ ر|نَظَرَ|يَنْظُرُ|نَظَرٌ|look; consider|دیکھنا؛ غور کرنا|انظر
will|verb|ش ي ء|شَاءَ|يَشَاءُ|مَشِيئَةٌ|will; wish|چاہنا|شاء
reach|verb|ب ل غ|بَلَغَ|يَبْلُغُ|بُلُوغٌ|reach|پہنچنا|بلغ
lie-down|verb|ض ج ع|اضْطَجَعَ|يَضْطَجِعُ|اضْطِجَاعٌ|lie down|لیٹنا|اضطجع
succeed|verb|ن ج ح|نَجَحَ|يَنْجَحُ|نَجَاحٌ|succeed; pass a test|کامیاب ہونا|نجح
send|verb|ر س ل|أَرْسَلَ|يُرْسِلُ|إِرْسَالٌ|send|بھیجنا|أرسل
pray|verb|ص ل و|صَلَّى|يُصَلِّي|صَلَاةٌ|pray; bestow blessings (when Allah is the subject)|نماز پڑھنا؛ اللہ کی طرف سے رحمت نازل کرنا|صلى يصلون
greet|verb|س ل م|سَلَّمَ|يُسَلِّمُ|تَسْلِيمٌ|greet; grant peace|سلام بھیجنا؛ سلامتی عطا کرنا|سلم
build|verb|ب ن ي|بَنَى|يَبْنِي|بِنَاءٌ|build|تعمیر کرنا|بنى يبني
carry|verb|ن ق ل|نَقَلَ|يَنْقُلُ|نَقْلٌ|carry; transport|منتقل کرنا؛ اٹھا کر لے جانا|نقل
accept|verb|ق ب ل|تَقَبَّلَ|يَتَقَبَّلُ|تَقَبُّلٌ|accept|قبول کرنا|تقبل
face|verb|و ج ه|تَوَجَّهَ|يَتَوَجَّهُ|تَوَجُّهٌ|turn toward; face|رخ کرنا|نتوجه
circumambulate|verb|ط و ف|طَافَ|يَطُوفُ|طَوَافٌ|circle; circumambulate|طواف کرنا|يطوفون
live|verb|س ك ن|سَكَنَ|يَسْكُنُ|سُكْنَى، سُكُونٌ|live; dwell|رہنا؛ سکونت اختیار کرنا|سكن
allah|properNoun|أ ل ه|اللَّهُ|-||Allah|اللہ|الله لله
azar|properNoun|-|آزَرُ|-||Azar|آزر|
ibrahim|properNoun|-|إِبْرَاهِيمُ|-||Ibrahim (Abraham)|ابراہیم|
ismail|properNoun|-|إِسْمَاعِيلُ|-||Ismail (Ishmael)|اسماعیل|
hajar|properNoun|-|هَاجَرُ|-||Hajar (Hagar)|ہاجرہ|
sarah|properNoun|-|سَارَةُ|-||Sarah|سارہ|
ishaq|properNoun|-|إِسْحَاقُ|-||Ishaq (Isaac)|اسحاق|
yaqub|properNoun|-|يَعْقُوبُ|-||Yaqub (Jacob)|یعقوب|
yusuf|properNoun|-|يُوسُفُ|-||Yusuf (Joseph)|یوسف|
muhammad|properNoun|ح م د|مُحَمَّدٌ|-||Muhammad|محمد|
jibril|properNoun|-|جِبْرِيلُ|-||Jibril (Gabriel)|جبریل|
makkah|properNoun|-|مَكَّةُ|-||Makkah (Mecca)|مکہ|
zamzam|properNoun|-|زَمْزَمُ|-||Zamzam|زمزم|
safa|properNoun|ص ف و|الصَّفَا|-||Al-Safa (hill in Makkah)|صفا؛ مکہ کی پہاڑی|
marwah|properNoun|م ر و|الْمَرْوَةُ|-||Al-Marwah (hill in Makkah)|مروہ؛ مکہ کی پہاڑی|
mina|properNoun|-|مِنًى|-||Mina (place near Makkah)|منیٰ؛ مکہ کے قریب مقام|منى
kaaba|properNoun|ك ع ب|الْكَعْبَةُ|-||the Kaaba|کعبہ|
sham|properNoun|-|الشَّامُ|-||al-Sham; the Levant|شام؛ بلاد شام|
quran|properNoun|ق ر أ|الْقُرْآنُ|-||the Quran|قرآن|
satan|properNoun|ش ط ن|الشَّيْطَانُ|-||Satan|شیطان|
rahman|properNoun|ر ح م|الرَّحْمَنُ|-||the Most Merciful (Allah)|رحمٰن؛ نہایت مہربان|
before|adverb|ق ب ل|قَبْلَ|-||before|پہلے|
very|adverb|ج د د|جِدًّا|-||very|بہت|جدا
in|particle|-|فِي|-||in|میں|
this-m|pronoun|-|هَذَا|-||this (masculine)|یہ؛ مذکر|
this-f|pronoun|-|هَذِهِ|-||this (feminine)|یہ؛ مؤنث|
that|pronoun|-|ذَلِكَ|-||that|وہ|
inna|particle|-|إِنَّ|-||indeed; introduces an emphatic statement|بے شک؛ تاکید کے لیے|إن
anna|particle|-|أَنَّ|-||that; introduces a clause|کہ|أن
not|particle|-|لَا|-||not; do not|نہیں؛ مت|
on|particle|-|عَلَى|-||on; upon|پر|علي
why|adverb|-|لِمَاذَا|-||why|کیوں|
why-short|adverb|-|لِمَ|-||why (لِ + مَا with omitted alif)|کیوں|لم
vocative|particle|-|يَا|-||O; address marker|اے|
which|pronoun|-|أَيٌّ|-||which; what|کون سا|
i|pronoun|-|أَنَا|-||I|میں|
when-if|particle|-|إِذَا|-||when; if|جب؛ اگر|
then-time|adverb|-|حِينَئِذٍ|-||then; at that time|اس وقت؛ تب|حينئذ
together|adverb|-|مَعَ|-||with|ساتھ|
to|particle|-|إِلَى|-||to; toward|کی طرف|إلي
because|particle|-|لِأَنَّ|-||because|کیونکہ|لأن
what|pronoun|-|مَا|-||what; that which; not (context dependent)|کیا؛ جو؛ نہیں|
who|pronoun|-|مَنْ|-||who|کون|
from|particle|-|مِنْ|-||from; of|سے؛ میں سے|
but|particle|-|لَكِنْ|-||but|لیکن|لكن
rather|particle|-|بَلْ|-||rather; instead|بلکہ|
you|pronoun|-|أَنْتَ|-||you (masculine singular)|تم؛ مذکر واحد|أنت
how|adverb|-|كَيْفَ|-||how|کیسے|
what-question|pronoun|-|مَاذَا|-||what|کیا|
like-this|adverb|-|هَكَذَا|-||thus; like this|اس طرح|
likewise|adverb|-|كَذَلِكَ|-||likewise; in that way|اسی طرح|
also|adverb|-|أَيْضًا|-||also; too|بھی|أيضا
when|particle|-|لَمَّا|-||when|جب|
one|pronoun|أ ح د|أَحَدٌ|-||anyone; someone; one|کوئی؛ ایک|أحدا
except|particle|-|إِلَّا|-||except|سوائے|
each|pronoun|ك ل ل|كُلٌّ|-||every; all|ہر؛ سب|
front|adverb|أ م م|أَمَامَ|-||in front of; before|سامنے|
about|particle|-|عَنْ|-||from; about; away from|سے؛ کے بارے میں|
here|adverb|-|هُنَا|-||here|یہاں|
where|adverb|-|أَيْنَ|-||where|کہاں|
yes-no-q|particle|-|هَلْ|-||question marker (yes/no)|کیا؛ سوالیہ حرف|
yes|particle|-|نَعَمْ|-||yes|ہاں|
therefore|particle|-|إِذًا|-||then; in that case|تب؛ اس صورت میں|إذا
she|pronoun|-|هِيَ|-||she; it (feminine)|وہ؛ مؤنث|
he|pronoun|-|هُوَ|-||he; it (masculine)|وہ؛ مذکر|
relative-f|pronoun|-|الَّتِي|-||who; which; that (feminine)|جو؛ مؤنث|
relative-m|pronoun|-|الَّذِي|-||who; which; that (masculine)|جو؛ مذکر|
after|adverb|ب ع د|بَعْدَ|-||after|بعد|
or|particle|-|أَوْ|-||or|یا|
then|particle|-|ثُمَّ|-||then|پھر|
we|pronoun|-|نَحْنُ|-||we|ہم|
at|adverb|ع ن د|عِنْدَ|-||at; near; in the presence of|پاس؛ نزدیک|
around|adverb|ح و ل|حَوْلَ|-||around|ارد گرد|
like|particle|-|كَمَا|-||as; just as|جیسے|
twelve-first|numeral|ث ن ي|اثْنَا|-||two; first part of twelve (اثنا عشر)|دو؛ اثنا عشر یعنی بارہ کا پہلا جزو|
ten|numeral|ع ش ر|عَشَرَ|-||ten; second part of twelve here|دس؛ یہاں بارہ کا دوسرا جزو|
one-night|noun|ذ و ي|ذَاتٌ|-||one (night), in ذَاتَ لَيْلَةٍ|ایک؛ ذات لیلة میں ایک رات|
