# id|pos|root|singular or madi|plural or mudari|masdar|English|Urdu|reviewed additional forms
nooh|properNoun|-|نُوحٌ|-||Nuh (Noah)|نوح|نوحا
iblis|properNoun|-|إِبْلِيسُ|-||Iblis|ابلیس|
wadd|properNoun|-|وَدٌّ|-||Wadd (name of an idol)|ود؛ ایک بت کا نام|
suwa|properNoun|-|سُوَاعٌ|-||Suwa (name of an idol)|سواع؛ ایک بت کا نام|
yaghuth|properNoun|-|يَغُوثُ|-||Yaghuth (name of an idol)|یغوث؛ ایک بت کا نام|
yauq|properNoun|-|يَعُوقُ|-||Yauq (name of an idol)|یعوق؛ ایک بت کا نام|
nasr-idol|properNoun|-|نَسْرٌ|-||Nasr (name of an idol)|نسر؛ ایک بت کا نام|
judi|properNoun|-|الْجُودِيُّ|-||Mount Judi|جودی پہاڑ|
ship|noun|س ف ن|سَفِينَةٌ|سُفُنٌ، سَفَائِنُ||ship; ark|کشتی|سفينة
offspring|noun|ذ ر ر|ذُرِّيَّةٌ|ذُرِّيَّاتٌ||offspring; descendants|اولاد؛ نسل|
nation|noun|أ م م|أُمَّةٌ|أُمَمٌ||community; nation|امت؛ قوم|
idea|noun|ف ك ر|فِكْرَةٌ|أَفْكَارٌ||idea; plan|خیال؛ منصوبہ|
outcast|adjective|ر ج م|رَجِيمٌ|رُجَمَاءُ||accursed; cast out|مردود؛ دھتکارا ہوا|
wicked|adjective|خ ب ث|خَبِيثٌ|خُبَثَاءُ||wicked; vile|خبیث؛ برا|
trick|noun|ح و ل|حِيلَةٌ|حِيَلٌ||trick; stratagem|چال؛ حیلہ|
daytime|noun|ن ه ر|نَهَارٌ|-||daytime|دن کا وقت|نهارا
mention-n|noun|ذ ك ر|ذِكْرٌ|أَذْكَارٌ||remembrance; mention|ذکر|ذكرا
well-adv|adverb|ج و د|جَيِّدًا|-||well; very well|اچھی طرح|جيدا
so-and-so|noun|-|فُلَانٌ|-||so-and-so; a certain person|فلاں|
picture|noun|ص و ر|صُورَةٌ|صُوَرٌ||picture; image|تصویر|صورا
longing|noun|ش و ق|اشْتِيَاقٌ|-||longing; yearning|اشتیاق|
statue|noun|م ث ل|تِمْثَالٌ|تَمَاثِيلُ||statue|مجسمہ|تمثالا
veneration|noun|ع ظ م|تَعْظِيمٌ|-||veneration; great respect|تعظیم|تعظيما
crop|noun|ح ر ث|حَرْثٌ|حُرُوثٌ||crop; cultivation|کھیتی؛ فصل|
progeny|noun|ن س ل|نَسْلٌ|أَنْسَالٌ||progeny; offspring|نسل؛ اولاد|
speech|noun|ك ل م|كَلَامٌ|-||speech; words|کلام؛ بات|
excuse|noun|ع ذ ر|عُذْرٌ|أَعْذَارٌ||excuse|عذر|عذرا
wealthy|adjective|غ ن ي|غَنِيٌّ|أَغْنِيَاءُ||wealthy; rich|مال دار|
chief|noun|ر أ س|رَئِيسٌ|رُؤَسَاءُ||chief; leader|سردار|
mission|noun|ر س ل|رِسَالَةٌ|رِسَالَاتٌ||message; mission|پیغام؛ رسالت|
counsellor|noun|ن ص ح|نَاصِحٌ|نَاصِحُونَ||sincere adviser|خیر خواہ|ناصحا
tender|adjective|ش ف ق|شَفِيقٌ|شُفَقَاءُ||tender-hearted; compassionate|شفیق|شفيقا
torment|noun|ع ذ ب|عَذَابٌ|-||punishment; torment|عذاب|
painful|adjective|أ ل م|أَلِيمٌ|أَلِيمُونَ||painful|دردناک|
warner|noun|ن ذ ر|نَذِيرٌ|نُذُرٌ||warner|خبردار کرنے والا|
clear|adjective|ب ي ن|مُبِينٌ|مُبِينُونَ||clear; plain|واضح|
arrogant|adjective|ك ب ر|مُتَكَبِّرٌ|مُتَكَبِّرُونَ||arrogant|متکبر|
ignorant-n|noun|ج ه ل|جَاهِلٌ|جُهَّالٌ، جَاهِلُونَ||ignorant person|جاہل|جاهلين
leadership|noun|ر أ س|رِيَاسَةٌ|رِيَاسَاتٌ||leadership; presidency|سرداری؛ قیادت|
honour|noun|ش ر ف|شَرَفٌ|-||honour; prestige|عزت؛ مرتبہ|
misguidance|noun|ض ل ل|ضَلَالَةٌ|-||misguidance; error|گمراہی|
foolishness|noun|س ف ه|سَفَاهَةٌ|-||foolishness|بے وقوفی|
higher|adjective|ع ل و|أَعْلَى|-||highest; at the top of one's voice here|سب سے اونچا؛ یہاں بلند آواز سے|
voice|noun|ص و ت|صَوْتٌ|أَصْوَاتٌ||voice|آواز|
notables|noun|م ل أ|مَلَأٌ|-||chiefs; notables (collective)|سردار؛ بڑے لوگ|
individual|noun|ف ر د|فَرْدٌ|أَفْرَادٌ||individual|فرد|
lawful|adjective|ح ل ل|حَلَالٌ|-||lawful; permissible|حلال|
pride|noun|ك ب ر|كِبْرٌ|-||pride; arrogance|تکبر|
noble|adjective|ش ر ف|شَرِيفٌ|أَشْرَافٌ||noble; of high status|معزز؛ اونچے مرتبے والا|
lowly|adjective|ر ذ ل|أَرْذَلُ|أَرَاذِلُ، أَرْذَلُونَ||lowly; contemptible (the opponents' insulting description)|کم تر؛ مخالفین کا تحقیر آمیز لفظ|
needy|noun|س ك ن|مِسْكِينٌ|مَسَاكِينُ||poor; needy person|مسکین|
expeller|noun|ط ر د|طَارِدٌ|طَارِدُونَ||one who drives away|نکالنے والا|
believer|noun|أ م ن|مُؤْمِنٌ|مُؤْمِنُونَ||believer|مومن|مؤمنين
sincere|adjective|خ ل ص|مُخْلِصٌ|مُخْلِصُونَ||sincere|مخلص|
argument|noun|ح ج ج|حُجَّةٌ|حُجَجٌ||argument; proof|دلیل|
forerunner|noun|س ب ق|سَابِقٌ|سَابِقُونَ||one who comes first; forerunner|سبقت لے جانے والا|
clothing|noun|ل ب س|لِبَاسٌ|أَلْبِسَةٌ||clothing|لباس|
follower|noun|ت ب ع|تَابِعٌ|تَبَعٌ، تَابِعُونَ||follower; followers collectively|پیرو؛ تابع|
term|noun|أ ج ل|أَجَلٌ|آجَالٌ||appointed term|مقررہ مدت|
named|adjective|س م و|مُسَمًّى|مُسَمَّوْنَ||appointed; specified|مقرر؛ نام زد|
light-n|noun|ن و ر|نُورٌ|أَنْوَارٌ||light|روشنی|نورا
lamp|noun|س ر ج|سِرَاجٌ|سُرُجٌ||lamp|چراغ|سراجا
carpet|noun|ب س ط|بِسَاطٌ|بُسُطٌ||carpet; spread-out surface|فرش|بساطا
finger|noun|ص ب ع|إِصْبَعٌ|أَصَابِعُ||finger|انگلی|
ear|noun|أ ذ ن|أُذُنٌ|آذَانٌ||ear|کان|
thousand|numeral|أ ل ف|أَلْفٌ|-||thousand|ہزار|
fifty|numeral|خ م س|خَمْسُونَ|-||fifty|پچاس|خمسين
year-am|noun|ع و م|عَامٌ|أَعْوَامٌ||year|سال|عاما
corruption|noun|ف س د|فَسَادٌ|-||corruption|فساد|
debate|noun|ج د ل|جِدَالٌ|-||argument; debate|بحث؛ جھگڑا|
disbeliever|noun|ك ف ر|كَافِرٌ|كَافِرُونَ، كُفَّارٌ||disbeliever|کافر|كافرين
occupation|noun|ش غ ل|شُغْلٌ|أَشْغَالٌ||work; occupation; amusement in the mocking context|کام؛ مصروفیت؛ تمسخر کے سیاق میں مشغلہ|شغلا
carpenter|noun|ن ج ر|نَجَّارٌ|نَجَّارُونَ||carpenter|بڑھئی|نجارا نجارين
smith|noun|ح د د|حَدَّادٌ|حَدَّادُونَ||blacksmith|لوہار|حدادين
amazement|noun|ع ج ب|عَجَبٌ|-||astonishment; something strange|تعجب؛ عجیب بات|
sand|noun|ر م ل|رَمْلٌ|رِمَالٌ||sand|ریت|
jinn|noun|ج ن ن|جِنِّيٌّ|جِنٌّ||jinn|جن|
bull|noun|ث و ر|ثَوْرٌ|ثِيرَانٌ||bull; ox|بیل|
more-intense|adjective|ش د د|أَشَدُّ|-||more intense; stronger|زیادہ شدید|
sometimes|adverb|ح ي ن|أَحْيَانًا|-||sometimes|کبھی کبھی|
flood|noun|ط و ف|طُوفَانٌ|طَوَافِينُ||flood; deluge|طوفان؛ سیلاب|
promise|noun|و ع د|وَعْدٌ|وُعُودٌ||promise|وعدہ|
refuge-n|noun|ع و ذ|عِيَاذٌ|-||refuge; protection|پناہ|
sieve|noun|ن خ ل|مُنْخُلٌ|مَنَاخِلُ||sieve|چھلنی|
side|noun|ج ن ب|جَانِبٌ|جَوَانِبُ||side|جانب؛ طرف|
male|noun|ذ ك ر|ذَكَرٌ|ذُكُورٌ||male|نر|ذكرا
female|noun|أ ن ث|أُنْثَى|إِنَاثٌ||female|مادہ|
wave|noun|م و ج|مَوْجَةٌ|مَوْجٌ، أَمْوَاجٌ||wave; waves collectively|موج|
high|adjective|ع ل و|عَالٍ|عَالُونَ||high; elevated|اونچا|
hillock|noun|ر ب و|رَبْوَةٌ|رُبًى||hillock; high ground|اونچی جگہ؛ ٹیلہ|
shelter|noun|ل ج أ|مَلْجَأٌ|مَلَاجِئُ||refuge; shelter|پناہ گاہ|
little-son|noun|ب ن و|بُنَيٌّ|-||dear little son (diminutive of ابن)|پیارا بیٹا|
protector-water|noun|ع ص م|عَاصِمٌ|عَاصِمُونَ||protector|بچانے والا|
drowned|noun|غ ر ق|مُغْرَقٌ|مُغْرَقُونَ||one who is drowned|ڈوبا ہوا|مغرقين
resurrection|noun|ق و م|قِيَامَةٌ|-||resurrection; the Last Day|قیامت|
harder|adjective|ش ق ق|أَشَقُّ|-||harder; more severe|زیادہ سخت|
lineage|noun|ن س ب|نَسَبٌ|أَنْسَابٌ||lineage; descent|نسب؛ خاندانی تعلق|
intercession|noun|ش ف ع|شَفَاعَةٌ|-||intercession|شفاعت|
wisest|adjective|ح ك م|أَحْكَمُ|-||wisest; best in judgement|سب سے بہتر فیصلہ کرنے والا|
judge|noun|ح ك م|حَاكِمٌ|حَاكِمُونَ||judge; ruler|فیصلہ کرنے والا؛ حاکم|حاكمين
loser|noun|خ س ر|خَاسِرٌ|خَاسِرُونَ||loser|نقصان اٹھانے والا|خاسرين
afar|noun|ب ع د|بُعْدٌ|-||distance; away with them in بُعدًا للقوم|دوری؛ قوم کے لیے دوری کی بددعا|بعدا
inevitable|noun|ب د د|بُدٌّ|-||alternative; escape (لا بد: inevitably; must)|چارۂ کار؛ لا بد: ضرور|
that-way|adverb|-|كَذَا|-||so; such-and-such|ایسا؛ یوں|
those-far|pronoun|-|أُولَئِكَ|-||those (people)|وہ لوگ|
yes-indeed|particle|-|بَلَى|-||yes indeed (answering a negative question)|کیوں نہیں؛ ہاں|
as-though|particle|-|كَأَنَّ|-||as though|گویا|
allah-vocative|properNoun|أ ل ه|اللَّهُمَّ|-||O Allah|اے اللہ|
them-f|pronoun|-|هُنَّ|-||them; their (feminine plural)|ان کو؛ ان کا؛ مؤنث جمع|
spread|verb|ن ش ر|انْتَشَرَ|يَنْتَشِرُ|انْتِشَارٌ|spread|پھیلنا|انتشرت
multiply|verb|ك ث ر|كَثُرَ|يَكْثُرُ|كَثْرَةٌ|become many; increase|زیادہ ہونا|كثرت كثر
till|verb|ح ر ث|حَرَثَ|يَحْرُثُ|حَرْثٌ|till; cultivate|کھیتی کرنا|يحرثون
live-life|verb|ع ي ش|عَاشَ|يَعِيشُ|عَيْشٌ|live|زندگی گزارنا|يعيشون
differ|verb|خ ل ف|اخْتَلَفَ|يَخْتَلِفُ|اخْتِلَافٌ|differ; disagree|اختلاف کرنا|يختلفون
expel|verb|ط ر د|طَرَدَ|يَطْرُدُ|طَرْدٌ|drive away; expel|نکال دینا|طرد يطرد طردت
curse|verb|ل ع ن|لَعَنَ|يَلْعَنُ|لَعْنٌ|curse|لعنت کرنا|لعن يلعن
avenge|verb|ن ق م|انْتَقَمَ|يَنْتَقِمُ|انْتِقَامٌ|take revenge|بدلہ لینا|ينتقم
revile|verb|ش ت م|شَتَمَ|يَشْتُمُ|شَتْمٌ|revile; insult|گالی دینا|شتم
respond|verb|ج و ب|اسْتَجَابَ|يَسْتَجِيبُ|اسْتِجَابَةٌ|respond; answer a prayer|دعا قبول کرنا|يستجيب
move-on|verb|ن ق ل|انْتَقَلَ|يَنْتَقِلُ|انْتِقَالٌ|move on; pass away here|منتقل ہونا؛ یہاں وفات پانا|انتقلوا
answer-v|verb|ج و ب|أَجَابَ|يُجِيبُ|إِجَابَةٌ|answer; respond|جواب دینا؛ قبول کرنا|أجاب
grant|verb|ع ط و|أَعْطَى|يُعْطِي|إِعْطَاءٌ|give; grant|عطا کرنا|أعطا
work-v|verb|ع م ل|عَمِلَ|يَعْمَلُ|عَمَلٌ|work; make|کام کرنا؛ بنانا|اعملوا عملوا يعملون
admire|verb|ع ج ب|أَعْجَبَ|يُعْجِبُ|إِعْجَابٌ|please; impress; passive: be impressed|پسند آنا؛ مجہول میں پسند کرنا|أعجب
provide|verb|ر ز ق|رَزَقَ|يَرْزُقُ|رِزْقٌ|provide sustenance|رزق دینا|ترزق يرزق
seek-blessings|verb|ب ر ك|تَبَرَّكَ|يَتَبَرَّكُ|تَبَرُّكٌ|seek blessing from|برکت حاصل کرنا|يتبركون
pass|verb|م ض ي|مَضَى|يَمْضِي|مُضِيٌّ|pass; pass away|گزر جانا|مضى
kiss|verb|ق ب ل|قَبَّلَ|يُقَبِّلُ|تَقْبِيلٌ|kiss|چومنا|يقبلون
touch|verb|ل م س|لَمِسَ|يَلْمَسُ|لَمْسٌ|touch|چھونا|يلمسون
lower-head|verb|خ ف ض|خَفَضَ|يَخْفِضُ|خَفْضٌ|lower|جھکانا|يخفضون
bow|verb|ر ك ع|رَكَعَ|يَرْكَعُ|رُكُوعٌ|bow down|رکوع کرنا|يركعون
increase|verb|ز ي د|زَادَ|يَزِيدُ|زِيَادَةٌ|increase; go further|بڑھنا؛ آگے بڑھنا|زاد
become|verb|ص ي ر|صَارَ|يَصِيرُ|صَيْرُورَةٌ|become|ہو جانا|صار صاروا صارت صرت
disbelieve|verb|ك ف ر|كَفَرَ|يَكْفُرُ|كُفْرٌ|disbelieve; be ungrateful|کفر کرنا|يكفرون
constrict|verb|ض ي ق|ضَيَّقَ|يُضَيِّقُ|تَضْيِيقٌ|make straitened; restrict|تنگی کرنا|ضيق
decrease|verb|ق ل ل|قَلَّ|يَقِلُّ|قِلَّةٌ|decrease; become scarce|کم ہونا|قل
repent|verb|ت و ب|تَابَ|يَتُوبُ|تَوْبَةٌ|repent; turn back to Allah|توبہ کرنا|تاب تابوا
address|verb|خ ط ب|خَاطَبَ|يُخَاطِبُ|مُخَاطَبَةٌ|address; speak to|خطاب کرنا|يخاطب
cut-off|verb|ق ط ع|انْقَطَعَ|يَنْقَطِعُ|انْقِطَاعٌ|be cut off; come to an end|ختم ہونا|ينقطع
choose|verb|خ ي ر|اخْتَارَ|يَخْتَارُ|اخْتِيَارٌ|choose|منتخب کرنا|اختار يختر
reveal|verb|و ح ي|أَوْحَى|يُوحِي|إِيحَاءٌ|reveal; inspire|وحی کرنا|أوحى
warn|verb|ن ذ ر|أَنْذَرَ|يُنْذِرُ|إِنْذَارٌ|warn|خبردار کرنا|أنذر
attain|verb|ن ي ل|نَالَ|يَنَالُ|نَيْلٌ|attain|حاصل کرنا|ينال
convey|verb|ب ل غ|بَلَّغَ|يُبَلِّغُ|تَبْلِيغٌ|convey; deliver|پہنچانا|أبلغ
believe-faith|verb|أ م ن|آمَنَ|يُؤْمِنُ|إِيمَانٌ|believe; have faith|ایمان لانا|آمن يؤمن يؤمنوا آمنتم نؤمن
try|verb|ج ر ب|جَرَّبَ|يُجَرِّبُ|تَجْرِبَةٌ|try; experience|آزمانا؛ تجربہ کرنا|جربنا
miss-out|verb|خ ط أ|أَخْطَأَ|يُخْطِئُ|إِخْطَاءٌ|miss; pass someone by|خطا کرنا؛ کسی کو چھوڑ جانا|يخطئ
pass-beyond|verb|ج و ز|جَاوَزَ|يُجَاوِزُ|مُجَاوَزَةٌ|go beyond; pass by|آگے گزر جانا|يجاوز
precede|verb|س ب ق|سَبَقَ|يَسْبِقُ|سَبْقٌ|precede; be ahead of|سبقت لے جانا|سبقو
delay|verb|أ خ ر|أَخَّرَ|يُؤَخِّرُ|تَأْخِيرٌ|delay; postpone|مہلت دینا؛ مؤخر کرنا|يؤخر
stay-long|verb|م ك ث|مَكَثَ|يَمْكُثُ|مُكْثٌ|remain; stay|ٹھہرنا|مكث
debate-v|verb|ج د ل|جَادَلَ|يُجَادِلُ|مُجَادَلَةٌ، جِدَالٌ|argue; debate|بحث کرنا|جادلت
increase-object|verb|ك ث ر|أَكْثَرَ|يُكْثِرُ|إِكْثَارٌ|increase; do much of|زیادہ کرنا|أكثرت
promise-v|verb|و ع د|وَعَدَ|يَعِدُ|وَعْدٌ|promise|وعدہ کرنا|تعد وعد
lose-hope|verb|ي أ س|يَئِسَ|يَيْأَسُ|يَأْسٌ|despair; lose hope|ناامید ہونا|يئس
drown-v|verb|غ ر ق|أَغْرَقَ|يُغْرِقُ|إِغْرَاقٌ|drown (someone)|ڈبونا|يغرق
escape|verb|ن ج و|نَجَا|يَنْجُو|نَجَاةٌ|escape; survive|بچنا|ينجو ينج
make-v|verb|ص ن ع|صَنَعَ|يَصْنَعُ|صُنْعٌ|make; construct|بنانا|يصنع
mock|verb|س خ ر|سَخِرَ|يَسْخَرُ|سُخْرِيَةٌ|mock|مذاق اڑانا|يسخرون تسخروا نسخر تسخرون
climb|verb|ص ع د|صَعِدَ|يَصْعَدُ|صُعُودٌ|climb; ascend|چڑھنا|تصعد
drag|verb|ج ر ر|جَرَّ|يَجُرُّ|جَرٌّ|drag; pull|کھینچنا|تجر
rain-v|verb|م ط ر|أَمْطَرَ|يُمْطِرُ|إِمْطَارٌ|rain|بارش ہونا|أمطرت
hold|verb|م س ك|أَمْسَكَ|يُمْسِكُ|إِمْسَاكٌ|hold; stop|روکنا|تمسك أمسكت
spring|verb|ن ب ع|نَبَعَ|يَنْبَعُ|نَبْعٌ|spring forth|پھوٹنا|نبع
flow|verb|س ي ل|سَالَ|يَسِيلُ|سَيْلٌ|flow|بہنا|سال
surround|verb|ح و ط|أَحَاطَ|يُحِيطُ|إِحَاطَةٌ|surround|گھیرنا|أحاط
ascend|verb|ر ق ي|ارْتَقَى|يَرْتَقِي|ارْتِقَاءٌ|ascend; climb up|اوپر چڑھنا|ارتقى
flee|verb|ف ر ر|فَرَّ|يَفِرُّ|فِرَارٌ|flee|بھاگنا|يفرون
board|verb|ر ك ب|رَكِبَ|يَرْكَبُ|رُكُوبٌ|ride; board|سوار ہونا|اركب
shelter-v|verb|أ و ي|أَوَى|يَأْوِي|أُوِيٌّ|take refuge|پناہ لینا|آوي
protect-v|verb|ع ص م|عَصَمَ|يَعْصِمُ|عِصْمَةٌ|protect; save|بچانا|يعصم
separate|verb|ح و ل|حَالَ|يَحُولُ|حَيْلُولَةٌ|come between; separate|حائل ہونا|حال
save|verb|ن ج و|نَجَّى|يُنَجِّي|تَنْجِيَةٌ|save; rescue|نجات دینا|ينجي
intercede|verb|ش ف ع|شَفَعَ|يَشْفَعُ|شَفَاعَةٌ|intercede|سفارش کرنا|يشفع
accept-v|verb|ق ب ل|قَبِلَ|يَقْبَلُ|قَبُولٌ|accept|قبول کرنا|يقبل
alert|verb|ن ب ه|نَبَّهَ|يُنَبِّهُ|تَنْبِيهٌ|alert; draw attention|متوجہ کرنا|نبه
be-alert|verb|ن ب ه|تَنَبَّهَ|يَتَنَبَّهُ|تَنَبُّهٌ|become aware; pay heed|متوجہ ہونا|تنبه
admonish|verb|و ع ظ|وَعَظَ|يَعِظُ|وَعْظٌ|admonish|نصیحت کرنا|أعظ
seek-refuge|verb|ع و ذ|عَاذَ|يَعُوذُ|عَوْذٌ|seek refuge|پناہ مانگنا|أعوذ
drown|verb|غ ر ق|غَرِقَ|يَغْرَقُ|غَرَقٌ|drown|ڈوبنا|غرق
subside|verb|غ ي ض|غَاضَ|يَغِيضُ|غَيْضٌ|subside; recede|اتر جانا؛ کم ہونا|غاض
settle|verb|س و ي|اسْتَوَى|يَسْتَوِي|اسْتِوَاءٌ|settle; come to rest|ٹھہرنا|استوت
descend|verb|ه ب ط|هَبَطَ|يَهْبِطُ|هُبُوطٌ|descend; disembark|اترنا|هبط اهبط
fill|verb|م ل أ|مَلَأَ|يَمْلَأُ|مَلْءٌ|fill|بھرنا|ملأت
