# id|partOfSpeech|root|singular or madi|plural or mudari|masdar|English|Urdu|additional reviewed forms
musa|proper-name|-|مُوسَى|-|-|Musa (Moses)|حضرت موسیٰ|
pharaoh|proper-name|-|فِرْعَوْنُ|-|-|Pharaoh|فرعون|
israel|proper-name|-|إِسْرَائِيلُ|-|-|Israel (Yaqub)|اسرائیل؛ حضرت یعقوب|
israelite|adjective|-|إِسْرَائِيلِيٌّ|إِسْرَائِيلِيُّونَ|-|Israelite|بنی اسرائیل کا فرد|إسرائيليين إسرائيلية
nile|proper-name|-|النِّيلُ|-|-|the Nile|دریائے نیل|نيل
harun|proper-name|-|هَارُونُ|-|-|Harun (Aaron)|حضرت ہارون|
haman|proper-name|-|هَامَانُ|-|-|Haman|ہامان|
madyan|proper-name|-|مَدْيَنُ|-|-|Madyan (Midian)|مدین|
sinai|proper-name|-|سَيْنَاءُ|-|-|Sinai|سینا|
yusha|proper-name|-|يُوشَعُ|-|-|Yusha (Joshua)|یوشع|
nun-name|proper-name|-|نُونٌ|-|-|Nun, Yusha's father|یوشع کے والد نون|
khadir|proper-name|-|الْخَضِرُ|-|-|Al-Khadir (Khidr)|حضرت خضر|خضر
samiri|proper-name|-|السَّامِرِيُّ|-|-|the Samiri|سامری|سامري
aswan|proper-name|-|أَسْوَانُ|-|-|Aswan|اسوان|
giza|proper-name|-|الْجِيزَةُ|-|-|Giza|جیزہ|جيزة
luxor|proper-name|-|الْأُقْصُرُ|-|-|Luxor|اقصر|أقصر
babylon|proper-name|-|بَابِلُ|-|-|Babylon|بابل|
imran|proper-name|-|عِمْرَانُ|-|-|Imran|عمران|
copt|noun|-|قِبْطِيٌّ|أَقْبَاطٌ|-|Copt; native Egyptian in the story|قبطی؛ کہانی میں مصری باشندہ|قبط قبطا قبطية
arabic-adj|adjective|ع ر ب|عَرَبِيٌّ|عَرَبِيُّونَ|-|Arabic; Arab|عربی|عربية عربيين
jew|noun|-|يَهُودِيٌّ|يَهُودٌ|-|Jew|یہودی|يهودي
christian|noun|-|نَصْرَانِيٌّ|نَصَارَى|-|Christian|عیسائی|
torah|proper-name|-|التَّوْرَاةُ|-|-|the Torah|تورات|توراة
sister|noun|أ خ و|أُخْتٌ|أَخَوَاتٌ|-|sister|بہن|أختا
family-household|noun|أ س ر|أُسْرَةٌ|أُسَرٌ|-|family; household|خاندان|
child|noun|ط ف ل|طِفْلٌ|أَطْفَالٌ|-|child; infant|بچہ|طفلا
infant|noun|ر ض ع|رَضِيعٌ|رُضَّعٌ|-|nursing baby|شیر خوار بچہ|رضيعا
nurse-wet|noun|ر ض ع|مُرْضِعٌ|مَرَاضِعُ|-|wet nurse; woman nursing a baby|دودھ پلانے والی عورت|مرضعة مرضعات
milk|noun|ل ب ن|لَبَنٌ|أَلْبَانٌ|-|milk|دودھ|
suckling-n|noun|ر ض ع|رَضَاعَةٌ|-|-|nursing; suckling|رضاعت؛ دودھ پینا|
birth-n|noun|و ل د|وِلَادَةٌ|وِلَادَاتٌ|-|birth|پیدائش|
newborn|noun|و ل د|مَوْلُودٌ|مَوَالِيدُ|-|newborn baby|نوزائیدہ بچہ|مولودا
queen|noun|م ل ك|مَلِكَةٌ|مَلِكَاتٌ|-|queen|ملکہ|
kingdom|noun|م ل ك|مَمْلَكَةٌ|مَمَالِكُ|-|kingdom|سلطنت|
police|noun|ش ر ط|شُرْطَةٌ|-|-|police (collective)|پولیس|
minister|noun|و ز ر|وَزِيرٌ|وُزَرَاءُ|-|minister|وزیر|وزيرا
soldier|noun|ج ن د|جُنْدِيٌّ|جُنُودٌ|-|soldier; army; forces|سپاہی؛ فوج|جند
box|noun|ص ن د ق|صُنْدُوقٌ|صَنَادِيقُ|-|box; chest|صندوق|
covering|noun|غ ط و|غِطَاءٌ|أَغْطِيَةٌ|-|cover; lid|ڈھکن؛ غلاف|
wood-piece|noun|خ ش ب|خَشَبَةٌ|خَشَبَاتٌ|-|piece of wood|لکڑی کا ٹکڑا|
plank|noun|ل و ح|لَوْحٌ|أَلْوَاحٌ|-|plank; tablet|تختہ؛ لوح|
maid|noun|ج ر ي|جَارِيَةٌ|جَوَارٍ|-|maid; young woman|خادمہ؛ لڑکی|جاريتان جاريتين جواري
maid-servant|noun|خ د م|خَادِمَةٌ|خَادِمَاتٌ|-|female servant|خادمہ|
daughter|noun|ب ن و|بِنْتٌ|بَنَاتٌ|-|daughter; girl|بیٹی؛ لڑکی|بنتان بنتين ابنة ابنتا ابنتي
person-man|noun|م ر ء|مَرْءٌ|رِجَالٌ|-|person; man|شخص؛ آدمی|امرئ امرؤ امرأ
wizard|noun|س ح ر|سَاحِرٌ|سَحَرَةٌ، سَاحِرُونَ|-|magician; sorcerer|جادوگر|ساحرين
magic|noun|س ح ر|سِحْرٌ|-|-|magic; sorcery|جادو|
staff|noun|ع ص و|عَصًا|عِصِيٌّ|-|staff; stick|لاٹھی|عصا عصاي عصي
rope|noun|ح ب ل|حَبْلٌ|حِبَالٌ|-|rope|رسی|
snake|noun|ح ي ي|حَيَّةٌ|حَيَّاتٌ|-|snake|سانپ|
serpent|noun|ث ع ب|ثُعْبَانٌ|ثَعَابِينُ|-|large snake; serpent|بڑا سانپ؛ اژدہا|
army-group|noun|ح ز ب|حِزْبٌ|أَحْزَابٌ|-|group; confederate force|گروہ؛ متحد لشکر|
calf|noun|ع ج ل|عِجْلٌ|عُجُولٌ|-|calf|بچھڑا|
cow|noun|ب ق ر|بَقَرَةٌ|بَقَرٌ، بَقَرَاتٌ|-|cow|گائے|
ewe|noun|ن ع ج|نَعْجَةٌ|نِعَاجٌ|-|ewe; female sheep|بھیڑ|
sheep|noun|ش و ه|شَاةٌ|شِيَاهٌ|-|sheep; goat (a head of small livestock)|بھیڑ یا بکری|
wool|noun|ص و ف|صُوفٌ|أَصْوَافٌ|-|wool|اون|
m-beast|noun|ب ه م|بَهِيمَةٌ|بَهَائِمُ|-|beast; animal|چوپایہ|
ant|noun|ن م ل|نَمْلَةٌ|نَمْلٌ|-|ant|چیونٹی|
raven|noun|غ ر ب|غُرَابٌ|غِرْبَانٌ|-|raven; crow|کوا|
locust|noun|ج ر د|جَرَادَةٌ|جَرَادٌ|-|locust|ٹڈی|
lice|noun|ق م ل|قَمْلَةٌ|قَمْلٌ|-|louse; infestation of vermin (Quranic qummal)|جوں؛ جوئیں اور چھوٹے کیڑے|قمل
frog|noun|ض ف د ع|ضِفْدَعٌ|ضَفَادِعُ|-|frog|مینڈک|
fish|noun|ح و ت|حُوتٌ|حِيتَانٌ|-|fish|مچھلی|
sparrow|noun|ع ص ف ر|عُصْفُورٌ|عَصَافِيرُ|-|sparrow; small bird|چڑیا|
prize|noun|ج و ز|جَائِزَةٌ|جَوَائِزُ|-|prize; reward|انعام|
fee|noun|أ ج ر|أَجْرٌ|أُجُورٌ|-|reward; wage; fee|اجر؛ اجرت|
hire-fee|noun|أ ج ر|أُجْرَةٌ|أُجَرٌ|-|wage; payment|اجرت|
boat-fare|noun|ن و ل|نَوْلٌ|-|-|fare; payment for passage|کشتی کا کرایہ|
dowry|noun|ص د ق|صَدَاقٌ|أَصْدِقَةٌ|-|marriage dowry|مہر|
m-clothing|noun|ث و ب|ثَوْبٌ|ثِيَابٌ|-|garment; clothes|کپڑا؛ لباس|
basket|noun|ك ت ل|مِكْتَلٌ|مَكَاتِلُ|-|basket|ٹوکری|
wicker-basket|noun|ز ن ب ل|زَنْبِيلٌ|زَنَابِيلُ|-|basket|ٹوکری|
rock|noun|ص خ ر|صَخْرَةٌ|صُخُورٌ|-|rock|چٹان|
wall|noun|ج د ر|جِدَارٌ|جُدُرٌ|-|wall|دیوار|
treasure|noun|ك ن ز|كَنْزٌ|كُنُوزٌ|-|treasure|خزانہ|
orphan|noun|ي ت م|يَتِيمٌ|أَيْتَامٌ|-|orphan|یتیم|يتيمين يتيمان
prisoner|noun|س ج ن|مَسْجُونٌ|مَسْجُونُونَ|-|prisoner|قیدی|مسجونين
oppressed|adjective|ظ ل م|مَظْلُومٌ|مَظْلُومُونَ|-|oppressed; wronged|مظلوم|مظلومين
killed|noun|ق ت ل|مَقْتُولٌ|مَقْتُولُونَ|-|person killed; victim|مقتول|مقتولين
slain|noun|ق ت ل|قَتِيلٌ|قَتْلَى|-|slain person|مقتول|
killer|noun|ق ت ل|قَاتِلٌ|قَاتِلُونَ|-|killer|قاتل|قاتلين
worshipped|adjective|ع ب د|مَعْبُودٌ|مَعْبُودَاتٌ|-|object of worship; worshipped|معبود|
cursed|adjective|ل ع ن|مَلْعُونٌ|مَلْعُونُونَ|-|cursed|ملعون|ملعونين
hunter-prey|noun|ف ر س|فَرِيسَةٌ|فَرَائِسُ|-|prey; victim|شکار|
leader|noun|أ م م|إِمَامٌ|أَئِمَّةٌ|-|leader; guide|امام؛ پیشوا|
tribe-israel|noun|س ب ط|سِبْطٌ|أَسْبَاطٌ|-|tribe of the Israelites|بنی اسرائیل کا قبیلہ|
builder|noun|ب ن ي|بَنَّاءٌ|بَنَّاؤُونَ|-|builder|معمار|بنائين بناؤون
physician|noun|ط ب ب|طَبِيبٌ|أَطِبَّاءُ|-|doctor|طبیب؛ ڈاکٹر|
teacher|noun|أ س ت ذ|أُسْتَاذٌ|أَسَاتِذَةٌ|-|teacher; master|استاد|
hero|noun|ب ط ل|بَطَلٌ|أَبْطَالٌ|-|hero|بہادر؛ ہیرو|
creator|noun|خ ل ق|خَالِقٌ|-|-|Creator|خالق|
m-originator|noun|ب ر أ|بَارِئٌ|-|-|Creator; originator|پیدا کرنے والا|
m-forgiving|adjective|غ ف ر|غَفَّارٌ|-|-|ever forgiving|بہت بخشنے والا|
subtle-kind|adjective|ل ط ف|لَطِيفٌ|لُطَفَاءُ|-|subtle; gentle; gracious|لطیف؛ مہربان|
all-aware|adjective|خ ب ر|خَبِيرٌ|خُبَرَاءُ|-|fully aware; knowledgeable|باخبر؛ جاننے والا|
steadfast-mountain|adjective|ر س و|رَاسٍ|رَاسِيَاتٌ|-|firmly rooted; stable (mountains)|مضبوطی سے جما ہوا|راسي راسيات
m-holy|adjective|ق د س|مُقَدَّسٌ|مُقَدَّسَاتٌ|-|holy; sacred|مقدس|مقدسة
future-n|noun|ق ب ل|مُسْتَقْبَلٌ|-|-|future|مستقبل|
generation|noun|ج ي ل|جِيلٌ|أَجْيَالٌ|-|generation|نسل|
century|noun|ق ر ن|قَرْنٌ|قُرُونٌ|-|century; generation|صدی؛ زمانہ|
war|noun|ح ر ب|حَرْبٌ|حُرُوبٌ|-|war|جنگ|
homeland|noun|و ط ن|وَطَنٌ|أَوْطَانٌ|-|homeland|وطن|
wilderness|noun|ب ر ر|بَرِّيَّةٌ|بَرَارِيُّ|-|wilderness; open desert|بیابان؛ صحرا|
land-dry|noun|ب ر ر|بَرٌّ|-|-|dry land|خشکی|برين
clouds|noun|غ م م|غَمَامٌ|-|-|clouds|بادل|
tent|noun|خ ي م|خَيْمَةٌ|خِيَامٌ|-|tent|خیمہ|
horizon|noun|أ ف ق|أُفُقٌ|آفَاقٌ|-|horizon|افق|
m-east|noun|ش ر ق|شَرْقٌ|-|-|east|مشرق|
north|noun|ش م ل|شَمَالٌ|-|-|north|شمال|
shore|noun|ش ط أ|شَاطِئٌ|شَوَاطِئُ|-|shore; bank|کنارہ|
coast|noun|س ح ل|سَاحِلٌ|سَوَاحِلُ|-|coast; seashore|ساحل|
bank-edge|noun|ش ط ط|شَطٌّ|شُطُوطٌ|-|bank; shore|کنارہ|
meeting-place|noun|ج م ع|مَجْمَعٌ|مَجَامِعُ|-|meeting place; junction|ملنے کی جگہ؛ سنگم|
spring-drink|noun|ش ر ب|مَشْرَبٌ|مَشَارِبُ|-|drinking place; source of drink|پانی پینے کی جگہ|
food-place|noun|أ ك ل|مَأْكَلٌ|مَآكِلُ|-|food; place of eating|کھانا؛ کھانے کی جگہ|
mount-sinai|noun|ط و ر|طُورٌ|أَطْوَارٌ|-|mountain; Mount Sinai in this story|پہاڑ؛ طور|
moist-earth|noun|ث ر ي|ثَرًى|-|-|moist earth; soil|نم مٹی|ثرى
vegetables|noun|خ ض ر|خُضْرَةٌ|خُضَرٌ|-|vegetables; greens|سبزیاں|
greens|noun|ب ق ل|بَقْلٌ|بُقُولٌ|-|herbs; vegetables|ساگ؛ سبزیاں|
cucumber|noun|ق ث أ|قِثَّاءٌ|-|-|cucumbers|ککڑی|
garlic|noun|ف و م|فُومٌ|-|-|garlic (also interpreted as grain in this verse)|لہسن؛ اس آیت میں اناج بھی مراد لیا گیا ہے|
lentil|noun|ع د س|عَدَسٌ|-|-|lentils|مسور|
onion|noun|ب ص ل|بَصَلٌ|-|-|onions|پیاز|
manna|noun|م ن ن|مَنٌّ|-|-|manna; sweet food provided in the wilderness|من؛ صحرا میں ملنے والی میٹھی غذا|
quail|noun|س ل و|سَلْوَى|-|-|quail|بٹیر|
sweets|noun|ح ل و|حَلْوَى|حَلَوِيَّاتٌ|-|sweets; sweet food|مٹھائی|
meat|noun|ل ح م|لَحْمٌ|لُحُومٌ|-|meat|گوشت|
grain|noun|ح ب ب|حَبَّةٌ|حُبُوبٌ|-|grain; seed|دانہ؛ اناج|
art|noun|ف ن ن|فَنٌّ|فُنُونٌ|-|art; skill|فن|
sense-smell|noun|ش م م|شَامَّةٌ|-|-|sense of smell|سونگھنے کی قوت|
hair|noun|ش ع ر|شَعْرٌ|أَشْعَارٌ|-|hair|بال|
nose|noun|أ ن ف|أَنْفٌ|أُنُوفٌ|-|nose|ناک|
tongue|noun|ل س ن|لِسَانٌ|أَلْسِنَةٌ|-|tongue|زبان|
body-n|noun|ب د ن|بَدَنٌ|أَبْدَانٌ|-|body|جسم|
corpse|noun|ج ث ث|جُثَّةٌ|جُثَثٌ|-|corpse; body|لاش|
arm-length|noun|ذ ر ع|ذِرَاعٌ|أَذْرُعٌ|-|arm; cubit|بازو؛ ہاتھ بھر لمبائی|
leg|noun|ر ج ل|رِجْلٌ|أَرْجُلٌ|-|leg; foot|ٹانگ؛ پاؤں|رجلين رجلي
wing|noun|ج ن ح|جَنَاحٌ|أَجْنِحَةٌ|-|wing; side (under the arm)|پر؛ پہلو|
side-n|noun|ج ن ب|جَنْبٌ|جُنُوبٌ|-|side|پہلو|
fragment|noun|ج ز أ|جُزْءٌ|أَجْزَاءٌ|-|part; portion|حصہ|
backside|noun|س ت ه|اسْتٌ|أَسْتَاهٌ|-|backside; buttocks|سرین|
kind-type|noun|ص ن ف|صِنْفٌ|صُنُوفٌ|-|kind; type|قسم|
m-wave|noun|م و ج|مَوْجٌ|أَمْوَاجٌ|-|wave|موج|
sword|noun|س ي ف|سَيْفٌ|سُيُوفٌ|-|sword|تلوار|
arrow|noun|س ه م|سَهْمٌ|سِهَامٌ|-|arrow|تیر|
guard|noun|ح ر س|حَارِسٌ|حُرَّاسٌ|-|guard|محافظ|
spy-watch|noun|ر ق ب|رِقَابَةٌ|-|-|watch; surveillance|نگرانی|
throat-block|noun|ح ب س|حُبْسَةٌ|-|-|speech impediment; difficulty speaking|بولنے میں رکاوٹ|
flesh-piece|noun|ف ل ذ|فِلْذٌ|أَفْلَاذٌ|-|piece; in أفلا‌ذ الأكباد: beloved children|ٹکڑا؛ جگر کے ٹکڑے یعنی اولاد|
rate-estimation|noun|ق د ر|قَدْرٌ|-|-|worth; due measure; esteem|قدر؛ مرتبہ|
destiny|noun|ق د ر|قَدَرٌ|أَقْدَارٌ|-|destiny; divine decree|تقدیر|
son-raised|noun|ر ب ب|رَبِيبٌ|أَرْبِبَةٌ|-|boy raised in one's household; stepson|پروردہ بچہ؛ سوتیلا بیٹا|
refinement|noun|أ د ب|أَدَبٌ|آدَابٌ|-|manners; etiquette; good conduct|ادب؛ آداب|
upbringing|noun|ر ب و|تَرْبِيَةٌ|-|-|education; upbringing|تربیت|
complaining-n|noun|ش ك و|تَشَكٍّ|-|-|complaining|شکوہ کرنا|تشكي
calling-n|noun|ن د و|تَنَادٍ|-|-|calling to one another (Day of Calling)|ایک دوسرے کو پکارنا|تناد
nitpicking|noun|ن ق ر|تَنْقِيرٌ|-|-|excessive questioning; nitpicking|باریک سوالات میں الجھنا|
repentance|noun|ت و ب|تَوْبَةٌ|-|-|repentance|توبہ|
marriage|noun|ز و ج|زَوَاجٌ|-|-|marriage|شادی|
marriage-nikah|noun|ن ك ح|نِكَاحٌ|-|-|marriage|نکاح|
adornment|noun|ز ي ن|زِينَةٌ|-|-|adornment; festival (day of adornment)|زینت؛ جشن|
m-happiness|noun|س ع د|سَعَادَةٌ|-|-|happiness; prosperity|خوشی؛ خوش حالی|
question-n|noun|س أ ل|سُؤَالٌ|أَسْئِلَةٌ|-|question; request|سوال|
law|noun|ش ر ع|شَرِيعَةٌ|شَرَائِعُ|-|divine law|شریعت|
hospitality|noun|ض ي ف|ضِيَافَةٌ|-|-|hospitality|مہمان نوازی|
rescue-n|noun|ن ج و|نَجَاةٌ|-|-|deliverance; safety|نجات|
fear-reverence|noun|خ ش ي|خَشْيَةٌ|-|-|fear; reverence|خوف؛ خشیت|
weaning|noun|ف ط م|فِطَامٌ|-|-|weaning|دودھ چھڑانا|
kindness|noun|ل ط ف|لُطْفٌ|-|-|kindness; gentleness|نرمی؛ مہربانی|
compassion|noun|ش ف ق|شَفَقَةٌ|-|-|compassion|شفقت|
affection|noun|ح ن ن|حَنَانٌ|-|-|tenderness; affection|شفقت؛ محبت|
yearning|noun|ح ن ن|حَنِينٌ|-|-|yearning; tender longing|ممتا؛ محبت بھری تڑپ|
comfort-n|noun|ع ز ي|تَعْزِيَةٌ|-|-|comfort; consolation|تسلی؛ تعزیت|
lament-n|noun|ر ث ي|رِثَاءٌ|-|-|lament; pity|مرثیہ؛ ہمدردی|
shyness|noun|ح ي ي|اسْتِحْيَاءٌ|-|-|modesty; shyness|حیا|
residence-n|noun|ق و م|إِقَامَةٌ|-|-|residence; stay|قیام|
choice-n|noun|خ ي ر|اخْتِيَارٌ|-|-|choice; selection|انتخاب|
amazement-n|noun|ع ج ب|اسْتِعْجَابٌ|-|-|astonishment|تعجب|
revenge|noun|ن ق م|انْتِقَامٌ|-|-|revenge; retribution|انتقام|
seclusion|noun|ف ر د|انْفِرَادٌ|-|-|isolation; solitude|تنہائی|
burning-n|noun|ح ر ق|إِحْرَاقٌ|-|-|burning|جلانا|
adoption-n|noun|أ خ ذ|اتِّخَاذٌ|-|-|taking; adopting|اختیار کرنا|
following-n|noun|ت ب ع|اتِّبَاعٌ|-|-|following|پیروی|
humiliation-n|noun|ه و ن|إِهَانَةٌ|-|-|humiliation; insult|توہین|
submission-n|noun|خ ض ع|خُضُوعٌ|-|-|submission|اطاعت؛ جھکنا|
coercion-n|noun|ق ه ر|قَهْرٌ|-|-|subjugation; coercion|جبر؛ دبانا|
rebuke-n|noun|ز ج ر|زَجْرٌ|-|-|rebuke; scolding|ڈانٹ|
bondage|noun|ع ب د|عُبُودِيَّةٌ|-|-|bondage; slavery|غلامی|
liberty|noun|ح ر ر|حُرِّيَّةٌ|-|-|freedom|آزادی|
cowardice|noun|ج ب ن|جُبْنٌ|-|-|cowardice|بزدلی|
taste|noun|ذ و ق|ذَوْقٌ|أَذْوَاقٌ|-|taste; judgement|ذوق|
humiliation|noun|ذ ل ل|ذُلٌّ|-|-|humiliation; abasement|ذلت|
abasement|noun|ذ ل ل|ذِلَّةٌ|-|-|abasement; humiliation|ذلت|
trials|noun|م ح ن|مِحْنَةٌ|مِحَنٌ|-|trial; ordeal|آزمائش|
m-calamity|noun|ب ل و|بَلِيَّةٌ|بَلَايَا|-|calamity; affliction|مصیبت|
affliction|noun|ب ل و|بَلَاءٌ|-|-|trial; affliction|آزمائش؛ مصیبت|
nosebleed|noun|ر ع ف|رُعَافٌ|-|-|nosebleed|نکسیر|
remedy|noun|د و ي|دَوَاءٌ|أَدْوِيَةٌ|-|medicine; remedy|دوا|
treatment|noun|ع ل ج|عِلَاجٌ|-|-|treatment|علاج|
m-hunger|noun|ج و ع|جُوعٌ|-|-|hunger|بھوک|
thirst-n|noun|ع ط ش|عَطَشٌ|-|-|thirst|پیاس|
fatigue|noun|ن ص ب|نَصَبٌ|-|-|fatigue; exhaustion|تھکن|
m-toil|noun|ج ه د|جَهْدٌ|-|-|hardship; exertion|تکلیف؛ مشقت|
civilization|noun|م د ن|مَدَنِيَّةٌ|-|-|civilization; urban life|تمدن؛ شہری زندگی|
nomadism|noun|ب د و|بَدَاوَةٌ|-|-|nomadic life|بدوؤں کی زندگی|
simplicity|noun|ب س ط|بَسَاطَةٌ|-|-|simplicity|سادگی|
naivety|noun|س ذ ج|سَذَاجَةٌ|-|-|naivety; innocence|سادگی؛ بھولا پن|
composure|noun|ر ز ن|رَزَانَةٌ|-|-|composure; dignity|متانت|
tranquillity|noun|ه د أ|هُدُوءٌ|-|-|calm; quiet|سکون|
stillness|noun|س ك ن|سُكُونٌ|-|-|stillness; calm|سکون|
disagreement|noun|خ ل ف|خِلَافٌ|خِلَافَاتٌ|-|disagreement; difference|اختلاف|
scorn|noun|ه ز أ|هُزْءٌ|-|-|mockery; ridicule|مذاق؛ تمسخر|هزوا
crime|noun|ج ر م|جُرْمٌ|جُرُومٌ|-|crime; wrongdoing|جرم|
m-rebellion|noun|ع ص ي|مَعْصِيَةٌ|مَعَاصٍ|-|disobedience; sin|نافرمانی؛ گناہ|
omen-bad|noun|ش أ م|شُؤْمٌ|-|-|ill omen; misfortune|نحوست|
m-anger-n|noun|غ ي ظ|غَيْظٌ|-|-|rage; anger|غصہ|
attack-n|noun|غ ز و|غَزْوٌ|غَزَوَاتٌ|-|military expedition; campaign|مہم؛ جنگ|
struggle|noun|ج ه د|جِهَادٌ|-|-|striving; struggle; fighting in this narrative|جدوجہد؛ کہانی میں جنگ|
majesty|noun|ج ل ل|جَلَالٌ|-|-|majesty|جلال|
madness|noun|ج ن ن|جُنُونٌ|-|-|madness|جنون|
plenty|noun|ر غ د|رَغَدٌ|-|-|plenty; ease|فراخی؛ آسودگی|
malice|noun|خ ب ث|خُبْثٌ|-|-|malice; wickedness|خباثت|
lowliness|noun|ه و ن|هَوَانٌ|-|-|humiliation; degradation|ذلت؛ خواری|
arrogance|noun|ك ب ر|كِبْرِيَاءُ|-|-|arrogance; grandeur|تکبر؛ بڑائی|
disgrace|noun|خ ز ي|خِزْيٌ|-|-|disgrace|رسوائی|
strength-might|noun|ب أ س|بَأْسٌ|-|-|might; violence; punishment|قوت؛ سختی؛ عذاب|
recklessness|noun|ط غ ي|طُغْيَانٌ|-|-|transgression; tyranny|سرکشی|
denial-n|noun|ج ح د|جَحْدٌ|-|-|denial; rejection|انکار|
wrong-way|noun|غ و ي|غَيٌّ|-|-|error; misguidance|گمراہی|
m-neglect|noun|غ ف ل|غَفْلَةٌ|-|-|heedlessness|غفلت|
dullness|noun|ب ل د|بَلَادَةٌ|-|-|dullness; stupidity|کند ذہنی|
satiety-boredom|noun|س أ م|سَآمَةٌ|-|-|boredom; weariness|اکتاہٹ|
intoxication|noun|س ك ر|سَكْرَةٌ|سَكَرَاتٌ|-|intoxication; stupor|نشہ؛ مدہوشی|
foreigner-state|noun|غ ر ب|غُرْبَةٌ|-|-|exile; being away from home|پردیس؛ بے وطنی|
exaggeration|noun|ف ر ط|إِفْرَاطٌ|-|-|excess; going too far|زیادتی؛ افراط|
neglect-duty|noun|ف ر ط|تَفْرِيطٌ|-|-|neglect; falling short|کوتاہی؛ تفریط|
shortcoming|noun|ق ص ر|تَقْصِيرٌ|-|-|shortcoming; neglect|کوتاہی|
despotic-rule|noun|ب د د|اسْتِبْدَادٌ|-|-|despotism; tyranny|استبداد|
politics|noun|س و س|سِيَاسَةٌ|سِيَاسَاتٌ|-|politics; governance|سیاست|
trust-n|noun|أ م ن|أَمَانَةٌ|أَمَانَاتٌ|-|trust; responsibility|امانت|
m-leadership|noun|س و د|سِيَادَةٌ|-|-|leadership; sovereignty|سرداری؛ اقتدار|
shame-audacity|noun|و ق ح|وَقَاحَةٌ|-|-|audacity; shamelessness|بے شرمی؛ گستاخی|
boldness|noun|ج ر أ|جَرَاءَةٌ|-|-|boldness; audacity|جرأت|
esteem-n|noun|ع ز ز|عِزَّةٌ|-|-|might; honour|عزت؛ قوت|
truth-open|noun|ص ر ح|صَرَاحَةٌ|-|-|frankness; openness|صاف گوئی|
rebuke-reproach|noun|ع ت ب|عِتَابٌ|-|-|reproach|ملامت|
interpretation|noun|أ و ل|تَأْوِيلٌ|تَأْوِيلَاتٌ|-|explanation; interpretation|تاویل؛ وضاحت|
meeting-time|noun|و ق ت|مِيقَاتٌ|مَوَاقِيتُ|-|appointed time; meeting|مقررہ وقت|
promise-date|noun|و ع د|مَوْعِدٌ|مَوَاعِيدُ|-|promise; appointment|وعدہ؛ مقررہ وقت|
appointed-time|noun|و ع د|مِيعَادٌ|مَوَاعِيدُ|-|appointed time|مقررہ وقت|
term|noun|أ ج ل|أَجَلٌ|آجَالٌ|-|term; appointed period|مدت|أجلين
entry-n|noun|د خ ل|دُخُولٌ|-|-|entry|داخل ہونا|
judgement-qada|noun|ق ض ي|قَضَاءٌ|-|-|decree; judgement|فیصلہ؛ تقدیر|
mercy-rhum|noun|ر ح م|رُحْمٌ|-|-|compassion; mercy|رحم؛ مہربانی|
purity|noun|ز ك و|زَكَاةٌ|-|-|purity; righteousness here|پاکیزگی؛ نیکی|
pure|adjective|ز ك و|زَكِيٌّ|أَزْكِيَاءُ|-|pure; innocent|پاک؛ بے گناہ|زكية
sin-offence|noun|خ ط أ|خَطِيئَةٌ|خَطَايَا|-|sin; offence|گناہ|
misdeed|noun|س و أ|سَيِّئَةٌ|سَيِّئَاتٌ|-|bad deed; sin|برائی؛ گناہ|
remainder|noun|ب ق ي|بَقِيَّةٌ|بَقَايَا|-|remainder; remaining part|باقی حصہ|
easy-n|noun|س ه ل|سُهُولَةٌ|-|-|ease|آسانی|
loss-n|noun|خ س ر|خَسَارَةٌ|خَسَائِرُ|-|loss|نقصان|
existence|noun|و ج د|وُجُودٌ|-|-|existence; presence|وجود|
ruin-n|noun|ف س د|فَسَادٌ|-|-|corruption; disorder|فساد|
manners-nature|noun|خ ل ق|خُلُقٌ|أَخْلَاقٌ|-|character; moral conduct|اخلاق؛ عادت|
insight|noun|ب ص ر|بَصَرٌ|أَبْصَارٌ|-|sight; vision|بصارت؛ نظر|
fortune-good|noun|ح ظ ظ|حَظٌّ|حُظُوظٌ|-|fortune; share|نصیب؛ حصہ|
settlement|noun|ق ر ر|قَرَارٌ|-|-|lasting abode; settlement|مستقل قیام|
power-authority|noun|س ل ط|سُلْطَانٌ|سَلَاطِينُ|-|authority; power; proof|اقتدار؛ اختیار؛ دلیل|
sway|noun|س ط و|سَطْوَةٌ|-|-|sway; domination|رعب؛ تسلط|
m-shout|noun|ه ت ف|هُتَافٌ|هُتَافَاتٌ|-|shout; cry|نعرہ؛ پکار|
kind-of-going|noun|س ي ر|سِيرَةٌ|سِيَرٌ|-|state; way of life|حالت؛ سیرت|
path-track|noun|س ل ك|مَسْلَكٌ|مَسَالِكُ|-|path; passage|راستہ|
straitness|noun|ض ي ق|ضِيقٌ|-|-|distress; tightness|تنگی|
crushed-state|noun|د ك ك|دَكٌّ|-|-|crushing; flattened state|ریزہ ریزہ ہونا|
pardon-request|noun|ح ط ط|حِطَّةٌ|-|-|a request for forgiveness|بخشش کی درخواست|
light-flame|noun|ق ب س|قَبَسٌ|أَقْبَاسٌ|-|flame; burning brand|انگارا؛ آگ کا شعلہ|
beating-n|noun|ض ر ب|ضَرْبَةٌ|ضَرَبَاتٌ|-|blow; strike|ضرب؛ چوٹ|
meeting-assembly|noun|ج ل س|مَجْلِسٌ|مَجَالِسُ|-|assembly; gathering|مجلس|
alert-watch|noun|ر ص د|مِرْصَادٌ|مَرَاصِيدُ|-|watch; lookout|گھات؛ نگرانی|
means-trick|noun|ح ي ل|حِيلَةٌ|حِيَلٌ|-|device; stratagem|تدبیر؛ حیلہ|حيلات
thorn|noun|ش و ك|شَوْكٌ|أَشْوَاكٌ|-|thorn|کانٹا|
flank-rear|noun|د ب ر|دُبُرٌ|أَدْبَارٌ|-|back; rear|پشت؛ پیچھے کا حصہ|
sloping-land|noun|ح د ر|حُدُورٌ|-|-|downward slope|ڈھلوان|
edge-n|noun|ح ر ف|حَرْفٌ|حُرُوفٌ|-|edge; side here|کنارہ|
beak-peck|noun|ن ق ر|نَقْرَةٌ|نَقَرَاتٌ|-|peck; a beakful|چونچ مارنا؛ چونچ بھر|نقرتين
ruling-case|noun|ق ض ي|قَضِيَّةٌ|قَضَايَا|-|case; matter|معاملہ؛ مقدمہ|
accident|noun|ح د ث|حَادِثٌ|حَوَادِثُ|-|incident|واقعہ|
white|adjective|ب ي ض|أَبْيَضُ|بِيضٌ|-|white|سفید|بيضاء
red|adjective|ح م ر|أَحْمَرُ|حُمْرٌ|-|red|سرخ|حمراء
bright-yellow|adjective|ف ق ع|فَاقِعٌ|فَاقِعُونَ|-|bright; vivid (yellow)|چمکیلا؛ گہرا زرد|فاقعين
middle-aged|adjective|ع و ن|عَوَانٌ|-|-|middle-aged (cow)|درمیانی عمر کی گائے|
old-cow|adjective|ف ر ض|فَارِضٌ|-|-|old (cow)|بوڑھی گائے|
young-cow|adjective|ب ك ر|بِكْرٌ|أَبْكَارٌ|-|young; not yet bred (cow)|کم عمر؛ کنواری گائے|
trained-submissive|adjective|ذ ل ل|ذَلُولٌ|ذُلُلٌ|-|tame; trained for work|تابع؛ کام میں جتا ہوا|
unblemished|adjective|س ل م|مُسَلَّمٌ|مُسَلَّمُونَ|-|sound; free from defects|صحیح سالم؛ بے عیب|مسلمة
mark-colour|noun|و ش ي|شِيَةٌ|شِيَاتٌ|-|coloured marking; blemish|داغ؛ رنگ کا نشان|
hungry|adjective|ج و ع|جَائِعٌ|جِيَاعٌ|-|hungry|بھوکا|
frightened|adjective|خ و ف|خَائِفٌ|خَائِفُونَ|-|afraid|خوف زدہ|خائفين
kindhearted|adjective|ح ن ن|حَنُونٌ|حَنُونُونَ|-|tender; affectionate|شفیق؛ محبت کرنے والا|
free|adjective|ح ر ر|حُرٌّ|أَحْرَارٌ|-|free|آزاد|حرة
noble-honourable|adjective|ش ر ف|شَرِيفٌ|أَشْرَافٌ، شُرَفَاءُ|-|noble; honourable|معزز؛ شریف|
subjugated|adjective|ذ ل ل|ذَلِيلٌ|أَذِلَّاءُ|-|humiliated; abased|ذلیل|ذليلة
eternal|adjective|خ ل د|خَالِدٌ|خَالِدُونَ|-|everlasting; remaining forever|ہمیشہ رہنے والا|خالدين
m-hidden|adjective|د ف ن|دَفِينٌ|دُفَنَاءُ|-|hidden; buried|چھپا ہوا؛ مدفون|
shining|adjective|س ط ع|سَاطِعٌ|سَاطِعُونَ|-|rising; shining|بلند ہوتا ہوا؛ چمکتا|ساطعين
vanishing|adjective|ز و ل|زَائِلٌ|زَائِلُونَ|-|passing away; vanishing|زائل ہونے والا|زائلين
weaned|noun|ف ط م|فَطِيمٌ|فُطَمَاءُ|-|weaned child|دودھ چھڑایا ہوا بچہ|
farmer|noun|ف ل ح|فَلَّاحٌ|فَلَّاحُونَ|-|farmer|کسان|فلاحين
refugee-fleeing|adjective|ف ر ر|فَارٌّ|فَارُّونَ|-|fleeing|بھاگنے والا|فارين
sinner-transgressor|noun|ف س ق|فَاسِقٌ|فَاسِقُونَ|-|transgressor; disobedient person|نافرمان؛ فاسق|فاسقين
close-courtier|adjective|ق ر ب|مُقَرَّبٌ|مُقَرَّبُونَ|-|close; favoured|قریبی؛ مقرب|مقربين
reformer|noun|ص ل ح|مُصْلِحٌ|مُصْلِحُونَ|-|reformer; one who puts matters right|اصلاح کرنے والا|مصلحين
corruptor|noun|ف س د|مُفْسِدٌ|مُفْسِدُونَ|-|one who causes corruption|فساد کرنے والا|مفسدين
fabricator|noun|ف ر ي|مُفْتَرٍ|مُفْتَرُونَ|-|fabricator; inventor of lies|جھوٹ گھڑنے والا|مفتري مفترين
pious|adjective|و ق ي|مُتَّقٍ|مُتَّقُونَ|-|God-fearing; pious|پرہیزگار|متقي متقين
thankful|adjective|ش ك ر|شَاكِرٌ|شَاكِرُونَ|-|thankful|شکر کرنے والا|شاكرين
m-witness|noun|ش ه د|شَاهِدٌ|شُهُودٌ، شَاهِدُونَ|-|witness|گواہ|شاهدين
onlooker|noun|ن ظ ر|نَاظِرٌ|نَاظِرُونَ|-|onlooker; observer|دیکھنے والا|ناظرين
victorious|adjective|غ ل ب|غَالِبٌ|غَالِبُونَ|-|victorious; prevailing|غالب؛ کامیاب|غالبين
entering|adjective|د خ ل|دَاخِلٌ|دَاخِلُونَ|-|entering|داخل ہونے والا|داخلين
stubborn-child|adjective|ع ن د|عَنِيدٌ|عُنَدَاءُ|-|stubborn|ضدی|
adversarial|adjective|ع ن د|مُعَانِدٌ|مُعَانِدُونَ|-|stubborn; opposing|ضد کرنے والا|معاندين
m-wicked|adjective|ش ر ر|شَرِيرٌ|أَشْرَارٌ|-|wicked; evil|شریر|
awful-tyrant|noun|ط غ ي|طَاغِيَةٌ|طُغَاةٌ|-|tyrant|سرکش؛ ظالم|
tyrant-strong|adjective|ج ب ر|جَبَّارٌ|جَبَّارُونَ|-|tyrant; mighty; compelling|جابر؛ زبردست|جبارين
sorrowful|adjective|أ س ف|أَسِفٌ|أَسِفُونَ|-|sorrowful; grieved|رنجیدہ|أسفين
pious-child|adjective|ب ر ر|بَارٌّ|أَبْرَارٌ|-|dutiful; kind to parents|فرمان بردار؛ والدین کا خدمت گزار|
long|adjective|ط و ل|طَوِيلٌ|طِوَالٌ|-|long|لمبا|طويلة
m-famous|adjective|ش ه ر|شَهِيرٌ|مَشَاهِيرُ|-|famous|مشہور|
appetizing|adjective|ش ه و|شَهِيٌّ|شَهِيَّاتٌ|-|appetizing; delicious|لذیذ|شهية
prophetic|adjective|ن ب أ|نَبَوِيٌّ|نَبَوِيَّاتٌ|-|prophetic|نبوی|نبوية
divine|adjective|أ ل ه|إِلَهِيٌّ|إِلَهِيَّاتٌ|-|divine|الٰہی|إلهية
fitting|adjective|ل ي ق|لَائِقٌ|لَائِقُونَ|-|fitting; suitable|مناسب|لائقة لائقين
m-lasting|adjective|د و م|دَائِمٌ|دَائِمُونَ|-|lasting; permanent|دائمی|دائمين
best-choice|adjective|خ ي ر|خَيِّرٌ|خِيَارٌ|-|good; excellent|نیک؛ بہترین|
m-lower|adjective|د ن و|أَدْنَى|-|-|lower; inferior; nearer|کم تر؛ قریب تر|
closer|adjective|ق ر ب|أَقْرَبُ|-|-|closer; nearer|زیادہ قریب|
first-fem|adjective|أ و ل|أَوَّلُ|-|-|first|پہلا|أولى
more-deserving|adjective|و ل ي|أَوْلَى|-|-|more deserving; having a greater claim|زیادہ حق دار|
easier|adjective|ه و ن|أَهْوَنُ|-|-|easier; less regarded|آسان تر؛ حقیر تر|
upper|adjective|ع ل و|أَعْلَى|-|-|upper; higher|سب سے اونچا|علا عليا
thirty|numeral|ث ل ث|ثَلَاثُونَ|-|-|thirty|تیس|ثلاثين
forty|numeral|ر ب ع|أَرْبَعُونَ|-|-|forty|چالیس|أربعين
seventy|numeral|س ب ع|سَبْعُونَ|-|-|seventy|ستر|سبعين
six|numeral|س د س|سِتَّةٌ|-|-|six|چھ|ست
fifth|adjective|خ م س|خَامِسٌ|خَامِسُونَ|-|fifth|پانچواں|خامسة
sixth|adjective|س د س|سَادِسٌ|سَادِسُونَ|-|sixth|چھٹا|سادسة
seventh|adjective|س ب ع|سَابِعٌ|سَابِعُونَ|-|seventh|ساتواں|سابعة
second-fem|adjective|ث ن ي|ثَانٍ|ثَوَانٍ|-|second|دوسرا|ثانية ثاني
fourth|adjective|ر ب ع|رَابِعٌ|رَابِعُونَ|-|fourth|چوتھا|رابعة
fifty|numeral|خ م س|خَمْسُونَ|-|-|fifty|پچاس|خمسين
five|numeral|خ م س|خَمْسَةٌ|-|-|five|پانچ|خمس
one-feminine|numeral|و ح د|إِحْدَى|-|-|one (feminine); one of two|ایک؛ دو میں سے ایک|
two-feminine|numeral|ث ن ي|اثْنَتَانِ|-|-|two (feminine)|دو؛ مؤنث|اثنتا اثنتين
wherever|particle|-|أَيْنَمَا|-|-|wherever|جہاں بھی|
whatever-time|particle|-|أَيَّمَا|-|-|whichever; whichever of the two|جو بھی|
here-present|particle|-|هَا|-|-|look; here is|دیکھو؛ یہ رہا|
those-short|pronoun|-|أُولَاءِ|-|-|those; these|یہ لوگ|
that-dha|pronoun|-|ذَا|-|-|this (in يا حبذا: how excellent)|یہ|
that-dhak|pronoun|-|ذَاكَ|-|-|that|وہ|
that-pl-address|pronoun|-|ذَلِكُمْ|-|-|that (addressing a group)|وہ؛ جمع مخاطب|
possessor|noun|ذ و ي|ذُو|ذَوُو|-|possessor of; having|والا؛ صاحب|ذا ذي ذوي ذات
here-place|particle|-|ثَمَّ|-|-|there|وہاں|
now-question|particle|-|آلْآنَ|-|-|now? (with a questioning tone)|اب؟|
where-in|particle|-|حَيْثُ|-|-|where; wherever; since|جہاں؛ کیونکہ|
ahead|noun|ل ق ي|تِلْقَاءٌ|-|-|towards; in the direction of|کی طرف|
back-behind|noun|خ ل ف|خَلْفٌ|-|-|behind; after|پیچھے؛ بعد|
anyway-equal|noun|س و ي|سَوَاءٌ|-|-|equal; alike; in either case|برابر؛ یکساں|
impossible-far|particle|-|هَيْهَاتَ|-|-|far from it; too late|ہرگز نہیں؛ بہت دیر ہو چکی|
indeed-jaram|particle|-|لَا جَرَمَ|-|-|certainly; without doubt (لا جرم)|بلاشبہ؛ یقیناً|جرم
wow-excellent|particle|-|حُبَّذَا|-|-|how excellent!|کیا خوب!|
underlying-here|particle|-|هَاهُنَا|-|-|here|یہاں|
suckle|verb|ر ض ع|رَضِعَ|يَرْضَعُ|رَضَاعَةٌ|suckle; drink milk from the breast|دودھ پینا|ارضع
nurse-feed|verb|ر ض ع|أَرْضَعَ|يُرْضِعُ|إِرْضَاعٌ|nurse; breastfeed|دودھ پلانا|أرضعي ترضع
milk-animal|verb|ح ل ب|حَلَبَ|يَحْلُبُ|حَلْبٌ|milk an animal|دودھ دوہنا|
raise-child|verb|ر ب و|رَبَّى|يُرَبِّي|تَرْبِيَةٌ|raise; bring up|پرورش کرنا|ربت ربي تربيني
whisper-consult|verb|ش و ر|تَشَاوَرَ|يَتَشَاوَرُ|تَشَاوُرٌ|consult together|باہم مشورہ کرنا|
show-v|verb|ر أ ي|أَرَى|يُرِي|إِرَاءَةٌ|show|دکھانا|أراه أراها أرني أريكم
allow-v|verb|أ ذ ن|أَذِنَ|يَأْذَنُ|إِذْنٌ|permit; give leave|اجازت دینا|آذن
perceive-fire|verb|أ ن س|آنَسَ|يُؤْنِسُ|إِينَاسٌ|perceive; notice|محسوس کرنا؛ دیکھ لینا|آنست
be-familiar|verb|أ ل ف|أَلِفَ|يَأْلَفُ|أُلْفَةٌ|be familiar; associate with|مانوس ہونا|يؤلف
receive-v|verb|ل ق ي|تَلَقَّى|يَتَلَقَّى|تَلَقٍّ|receive; learn from|حاصل کرنا؛ سیکھنا|تلقوا يتلقوا
pick-up|verb|ل ق ط|الْتَقَطَ|يَلْتَقِطُ|الْتِقَاطٌ|pick up; find and take|اٹھا لینا|التقطنا
reach-perceive|verb|د ر ك|أَدْرَكَ|يُدْرِكُ|إِدْرَاكٌ|reach; overtake; perceive|پا لینا؛ پہنچنا؛ ادراک کرنا|
complete-v|verb|ت م م|أَتَمَّ|يُتِمُّ|إِتْمَامٌ|complete|پورا کرنا|أتمت أتممت
lean-on|verb|و ك أ|تَوَكَّأَ|يَتَوَكَّأُ|تَوَكُّؤٌ|lean on; support oneself with|ٹیک لگانا|
exchange-v|verb|ب د ل|اسْتَبْدَلَ|يَسْتَبْدِلُ|اسْتِبْدَالٌ|exchange; substitute|بدل لینا|
replace-iv|verb|ب د ل|أَبْدَلَ|يُبْدِلُ|إِبْدَالٌ|replace; give in exchange|بدل دینا|
settle-standing|verb|ق ر ر|قَرَّ|يَقَرُّ|قَرَارٌ|settle; remain|ٹھہرنا|
establish-settle|verb|ق ر ر|اسْتَقَرَّ|يَسْتَقِرُّ|اسْتِقْرَارٌ|settle; remain stable|ٹھہر جانا؛ قائم رہنا|
make-rest|verb|ر و ح|أَرَاحَ|يُرِيحُ|إِرَاحَةٌ|relieve; give rest|آرام دینا|
anger-iv|verb|غ ض ب|أَغْضَبَ|يُغْضِبُ|إِغْضَابٌ|anger; make angry|ناراض کرنا|
anger-displease|verb|س خ ط|أَسْخَطَ|يُسْخِطُ|إِسْخَاطٌ|anger; displease|ناراض کرنا|
shine|verb|ش ر ق|أَشْرَقَ|يُشْرِقُ|إِشْرَاقٌ|shine; dawn|چمکنا؛ روشن ہونا|
be-compassionate|verb|ش ف ق|أَشْفَقَ|يُشْفِقُ|إِشْفَاقٌ|be compassionate; feel concern|شفقت کرنا|
start-work|verb|ش ر ع|شَرَعَ|يَشْرَعُ|شُرُوعٌ|begin; start|شروع کرنا|
rescue-aid|verb|غ و ث|أَغَاثَ|يُغِيثُ|إِغَاثَةٌ|rescue; help|فریاد رسی کرنا|
aid-v|verb|ن ج د|أَنْجَدَ|يُنْجِدُ|إِنْجَادٌ|help; come to the aid of|مدد کرنا|
furnish-help|verb|ع و ن|أَعَانَ|يُعِينُ|إِعَانَةٌ|help; assist|مدد کرنا|أعن أعنا
m-seek-help|verb|ع و ن|اسْتَعَانَ|يَسْتَعِينُ|اسْتِعَانَةٌ|seek help|مدد طلب کرنا|استعينوا
rescue-seek|verb|غ و ث|اسْتَغَاثَ|يَسْتَغِيثُ|اسْتِغَاثَةٌ|call for help|مدد کے لیے پکارنا|
let-loose|verb|ط ل ق|أَطْلَقَ|يُطْلِقُ|إِطْلَاقٌ|release; leave unrestricted|چھوڑ دینا؛ مطلق رکھنا|
deny-disapprove|verb|ن ك ر|أَنْكَرَ|يُنْكِرُ|إِنْكَارٌ|disapprove; deny|انکار کرنا؛ ناپسند کرنا|أنكرت
slander-lie|verb|أ ف ك|أَفَكَ|يَأْفِكُ|إِفْكٌ|fabricate; deceive|جھوٹ گھڑنا|
set-marriage|verb|ن ك ح|أَنْكَحَ|يُنْكِحُ|إِنْكَاحٌ|give in marriage|نکاح کرانا|
hire|verb|أ ج ر|اسْتَأْجَرَ|يَسْتَأْجِرُ|اسْتِئْجَارٌ|hire; employ|اجرت پر رکھنا|استأجر
serve-wage|verb|أ ج ر|أَجَرَ|يَأْجُرُ|أَجْرٌ|work for wages; hire|اجرت پر کام کرنا|
make-clear-iv|verb|ب ي ن|أَبَانَ|يُبِينُ|إِبَانَةٌ|make clear; speak clearly|واضح کرنا؛ صاف بولنا|
lose-v|verb|ف ق د|فَقَدَ|يَفْقِدُ|فَقْدٌ|lose; miss|کھو دینا|
defect-v|verb|ع ي ب|عَابَ|يَعِيبُ|عَيْبٌ|make defective; damage|عیب دار کرنا|
make-hasten|verb|ع ج ل|أَعْجَلَ|يُعْجِلُ|إِعْجَالٌ|make hasten; hurry|جلدی کروانا|
m-hurry|verb|ع ج ل|عَجِلَ|يَعْجَلُ|عَجَلَةٌ|hurry|جلدی کرنا|عجلت
hurry-v|verb|ع ج ل|تَعَجَّلَ|يَتَعَجَّلُ|تَعَجُّلٌ|hasten|جلدی کرنا|
force-unwilling|verb|ك ر ه|أَكْرَهَ|يُكْرِهُ|إِكْرَاهٌ|force; compel|مجبور کرنا|
return-revert|verb|ر د د|ارْتَدَّ|يَرْتَدُّ|ارْتِدَادٌ|turn back; return|لوٹ جانا|ارتدا ارتدت ترتدوا
exert|verb|ج ه د|اجْتَهَدَ|يَجْتَهِدُ|اجْتِهَادٌ|strive; exert oneself|کوشش کرنا|
snatch|verb|خ ط ف|اخْتَطَفَ|يَخْتَطِفُ|اخْتِطَافٌ|snatch; seize|اچک لینا|
increase-high|verb|ر ف ع|ارْتَفَعَ|يَرْتَفِعُ|ارْتِفَاعٌ|rise; become higher|بلند ہونا|
enfeeble-v|verb|ض ع ف|اسْتَضْعَفَ|يَسْتَضْعِفُ|اسْتِضْعَافٌ|oppress; deem weak|کمزور سمجھنا؛ دبانا|
enslave|verb|ع ب د|اسْتَعْبَدَ|يَسْتَعْبِدُ|اسْتِعْبَادٌ|enslave|غلام بنانا|
food-request|verb|ط ع م|اسْتَطْعَمَ|يَسْتَطْعِمُ|اسْتِطْعَامٌ|ask for food|کھانا مانگنا|
master-control|verb|و ل ي|اسْتَوْلَى|يَسْتَوْلِي|اسْتِيلَاءٌ|take control; overcome|قبضہ کرنا؛ غالب آنا|
crave|verb|ش ه و|اشْتَهَى|يَشْتَهِي|اشْتِهَاءٌ|crave; desire|خواہش کرنا|اشتهينا
choose-elect|verb|ص ف و|اصْطَفَى|يَصْطَفِي|اصْطِفَاءٌ|choose; select|منتخب کرنا|اصطفيت
warm-fire|verb|ص ل ي|اصْطَلَى|يَصْطَلِي|اصْطِلَاءٌ|warm oneself by a fire|آگ تاپنا|يصطليان
fade-away|verb|ض م ح ل|اضْمَحَلَّ|يَضْمَحِلُّ|اضْمِحْلَالٌ|fade; disappear|مٹ جانا|
be-convinced|verb|ق ن ع|اقْتَنَعَ|يَقْتَنِعُ|اقْتِنَاعٌ|be convinced|قائل ہونا|
m-descend|verb|ح د ر|انْحَدَرَ|يَنْحَدِرُ|انْحِدَارٌ|descend; slip down|اترنا؛ ڈھلکنا|
close-over|verb|ط ب ق|انْطَبَقَ|يَنْطَبِقُ|انْطِبَاقٌ|close over; shut|بند ہو جانا|
split-open|verb|ف ل ق|انْفَلَقَ|يَنْفَلِقُ|انْفِلَاقٌ|split apart|پھٹ جانا|
finish-reach|verb|ن ه ي|انْتَهَى|يَنْتَهِي|انْتِهَاءٌ|arrive; reach; end|پہنچنا؛ ختم ہونا|انتهيا
lower-descend|verb|ه ب ط|هَبَطَ|يَهْبِطُ|هُبُوطٌ|go down; enter (a town)|اترنا؛ داخل ہونا|اهبطوا
feel-v|verb|ش ع ر|شَعَرَ|يَشْعُرُ|شُعُورٌ|feel; notice|محسوس کرنا|
watch-await|verb|ر ق ب|تَرَقَّبَ|يَتَرَقَّبُ|تَرَقُّبٌ|watch; await cautiously|نظر رکھنا؛ محتاط انتظار کرنا|
watch-observe|verb|ر ق ب|رَقَبَ|يَرْقُبُ|رَقْبٌ|watch; observe|نگرانی کرنا|ترقب
open-exposure|verb|ع ر ض|تَعَرَّضَ|يَتَعَرَّضُ|تَعَرُّضٌ|interfere with; expose oneself to|چھیڑنا؛ سامنا کرنا|يتعرض
walk-leisure|verb|ن ز ه|تَنَزَّهَ|يَتَنَزَّهُ|تَنَزُّهٌ|take a stroll|سیر کرنا|
come-down-to-earth|verb|ز ل ز ل|تَزَلْزَلَ|يَتَزَلْزَلُ|تَزَلْزُلٌ|shake; tremble|لرزنا|
leak-through|verb|س ر ب|تَسَرَّبَ|يَتَسَرَّبُ|تَسَرُّبٌ|seep; infiltrate|رسنا؛ اندر سرایت کرنا|
clean-purify|verb|ط ه ر|تَطَهَّرَ|يَتَطَهَّرُ|تَطَهُّرٌ|purify oneself|پاک ہونا|
consider-filthy|verb|ق ذ ر|تَقَذَّرَ|يَتَقَذَّرُ|تَقَذُّرٌ|regard as filthy; recoil from|گندا سمجھنا؛ نفرت کرنا|
give-up-demand|verb|ن ز ل|تَنَازَلَ|يَتَنَازَلُ|تَنَازُلٌ|give up; relinquish|دست بردار ہونا|
question-mutual|verb|س أ ل|تَسَاءَلَ|يَتَسَاءَلُ|تَسَاؤُلٌ|ask one another|ایک دوسرے سے پوچھنا|
clash-waves|verb|ل ط م|تَلَاطَمَ|يَتَلَاطَمُ|تَلَاطُمٌ|clash; beat against one another (waves)|آپس میں ٹکرانا|
similar-v|verb|ش ب ه|تَشَابَهَ|يَتَشَابَهُ|تَشَابُهٌ|be similar; become indistinguishable|ایک سا ہونا|
be-deceived|verb|غ ر ر|اغْتَرَّ|يَغْتَرُّ|اغْتِرَارٌ|be deceived; be deluded|دھوکے میں آنا|تغتروا
reveal-light|verb|ج ل و|تَجَلَّى|يَتَجَلَّى|تَجَلٍّ|manifest; reveal glory|تجلی فرمانا؛ ظاہر ہونا|
turn-away-v|verb|و ل ي|تَوَلَّى|يَتَوَلَّى|تَوَلٍّ|turn away; leave|منہ پھیرنا؛ لوٹ جانا|
blame-hold|verb|أ خ ذ|آخَذَ|يُؤَاخِذُ|مُؤَاخَذَةٌ|hold accountable; blame|مواخذہ کرنا|
rouse-v|verb|ث و ر|أَثَارَ|يُثِيرُ|إِثَارَةٌ|stir up; plough (earth)|ابھارنا؛ زمین جوتنا|
burden-v|verb|ر ه ق|أَرْهَقَ|يُرْهِقُ|إِرْهَاقٌ|burden; overwhelm|مشقت میں ڈالنا|
start-thinking|verb|ط ف ق|طَفِقَ|يَطْفَقُ|طُفُوقٌ|begin; start doing|لگ جانا؛ شروع کرنا|
chide|verb|ز ج ر|زَجَرَ|يَزْجُرُ|زَجْرٌ|rebuke; scold|ڈانٹنا|
impose-torment|verb|س و م|سَامَ|يَسُومُ|سَوْمٌ|inflict; impose (torment)|عذاب دینا؛ مسلط کرنا|
leave-v|verb|و ذ ر|وَذَرَ|يَذَرُ|وَذْرٌ|leave; let be (past rarely used)|چھوڑ دینا؛ ماضی کم مستعمل|ذر ذروا ذرون
repent-v|verb|ت و ب|تَابَ|يَتُوبُ|تَوْبَةٌ|repent; turn back|توبہ کرنا|تبت تب توبوا
jump|verb|و ث ب|وَثَبَ|يَثِبُ|وُثُوبٌ|jump; spring|چھلانگ لگانا|
leap|verb|ق ف ز|قَفَزَ|يَقْفِزُ|قَفْزٌ|leap; jump|کودنا|
swallow|verb|ل ق ف|لَقِفَ|يَلْقَفُ|لَقْفٌ|swallow; devour|نگلنا|
compel-jihad|verb|ج ه د|جَاهَدَ|يُجَاهِدُ|جِهَادٌ|strive; exert pressure|کوشش کرنا؛ زور ڈالنا|
neglect-shun|verb|ج ف و|جَفَا|يَجْفُو|جَفَاءٌ|shun; treat harshly|بے رخی کرنا|جفوا جفو
urge|verb|ح ث ث|حَثَّ|يَحُثُّ|حَثٌّ|urge; prompt|ابھارنا؛ ترغیب دینا|
happen|verb|ح د ث|حَدَثَ|يَحْدُثُ|حُدُوثٌ|happen; occur|واقع ہونا|
prohibit-v|verb|ح ر م|حَرَّمَ|يُحَرِّمُ|تَحْرِيمٌ|forbid|حرام کرنا؛ منع کرنا|
settle-befall|verb|ح ل ل|حَلَّ|يَحِلُّ|حُلُولٌ|befall; arrive; settle|آ پڑنا؛ نازل ہونا|حلت
quench-cool|verb|ب ر د|بَرَدَ|يَبْرُدُ|بُرُودٌ|become cold|ٹھنڈا ہونا|
be-soft-good|verb|ط ي ب|طَابَ|يَطِيبُ|طِيبٌ|be pleasant; become good|اچھا ہونا|
bloom-young|verb|ش ب ب|شَبَّ|يَشِبُّ|شَبَابٌ|grow up; become young|جوان ہونا|
grow-grey|verb|ش ي ب|شَابَ|يَشِيبُ|شَيْبٌ|grow grey; become old|بوڑھا ہونا|
repress-heart|verb|غ ي ظ|غَاظَ|يَغِيظُ|غَيْظٌ|anger; enrage|غصہ دلانا|
peck|verb|ن ق ر|نَقَرَ|يَنْقُرُ|نَقْرٌ|peck|چونچ مارنا|
search-examine|verb|ف ت ش|فَتَّشَ|يُفَتِّشُ|تَفْتِيشٌ|search; examine|تلاش کرنا؛ جانچنا|فتشوا تفتشوا
rip-out|verb|ق ل ع|اقْتَلَعَ|يَقْتَلِعُ|اقْتِلَاعٌ|pull out; uproot|اکھاڑنا|
pluck|verb|ن ز ع|نَزَعَ|يَنْزِعُ|نَزْعٌ|pull out; remove|نکالنا|
pierce|verb|خ ر ق|خَرَقَ|يَخْرِقُ|خَرْقٌ|make a hole; pierce|سوراخ کرنا|
m-collapse|verb|ن ق ض|انْقَضَّ|يَنْقَضُّ|انْقِضَاضٌ|collapse; fall down|گر پڑنا|
conceal|verb|ك ت م|كَتَمَ|يَكْتُمُ|كِتْمَانٌ|conceal; hide|چھپانا|
reveal-uncover|verb|ك ش ف|كَشَفَ|يَكْشِفُ|كَشْفٌ|uncover; remove (a calamity)|کھولنا؛ مصیبت دور کرنا|
linger-v|verb|ل ب ث|لَبِثَ|يَلْبَثُ|لُبْثٌ|remain; stay|ٹھہرنا|
be-about|verb|ك و د|كَادَ|يَكَادُ|كَوْدٌ|almost; be about to (defective verb)|قریب ہونا؛ فعل ناقص|كدنا يكد
know-aware|verb|د ر ي|دَرَى|يَدْرِي|دِرَايَةٌ|know; be aware|جاننا|يدر
move-start|verb|ط ل ق|انْطَلَقَ|يَنْطَلِقُ|انْطِلَاقٌ|set off; depart|چل پڑنا|
guide-seek|verb|ه د ي|اهْتَدَى|يَهْتَدِي|اهْتِدَاءٌ|be guided; find the way|ہدایت پانا؛ راستہ پانا|اهتدوا اهتد تهتد يهتد
be-distinct|verb|م ي ز|امْتَازَ|يَمْتَازُ|امْتِيَازٌ|stand out; be distinguished|ممتاز ہونا|
awake-notice|verb|ن ب ه|انْتَبَهَ|يَنْتَبِهُ|انْتِبَاهٌ|notice; wake up|متوجہ ہونا|
be-active|verb|ن ش ط|نَشِطَ|يَنْشَطُ|نَشَاطٌ|be active; become eager|چست ہونا؛ سرگرم ہونا|
flee-escape|verb|ه ر ب|هَرَبَ|يَهْرُبُ|هَرَبٌ|escape; flee|بھاگنا|
defeat|verb|ه ز م|هَزَمَ|يَهْزِمُ|هَزْمٌ|defeat|شکست دینا|
reduce-rights|verb|ه ض م|هَضَمَ|يَهْضِمُ|هَضْمٌ|diminish; infringe (rights)|حق مارنا|
hate-iv|verb|ب غ ض|أَبْغَضَ|يُبْغِضُ|إِبْغَاضٌ|hate|نفرت کرنا|
contradict|verb|خ ل ف|خَالَفَ|يُخَالِفُ|مُخَالَفَةٌ|oppose; contradict|مخالفت کرنا|
scare|verb|خ و ف|خَوَّفَ|يُخَوِّفُ|تَخْوِيفٌ|frighten; threaten|ڈرانا|
imagine-cause|verb|خ ي ل|خَيَّلَ|يُخَيِّلُ|تَخْيِيلٌ|make appear; create an illusion|خیال میں ڈالنا|يخيل
entertain-hosp|verb|ض ي ف|ضَيَّفَ|يُضَيِّفُ|تَضْيِيفٌ|entertain as a guest|مہمان بنانا|
comfort-v|verb|س ل و|سَلَّى|يُسَلِّي|تَسْلِيَةٌ|comfort; console|تسلی دینا|
make-yearn|verb|ش و ق|شَوَّقَ|يُشَوِّقُ|تَشْوِيقٌ|make eager; inspire longing|شوق دلانا|
mislead|verb|ض ل ل|أَضَلَّ|يُضِلُّ|إِضْلَالٌ|mislead|گمراہ کرنا|يضلل
stray|verb|ض ل ل|ضَلَّ|يَضِلُّ|ضَلَالٌ|go astray|گمراہ ہونا|
shade|verb|ظ ل ل|أَظَلَّ|يُظِلُّ|إِظْلَالٌ|shade; shelter from the sun|سایہ کرنا|
deal-treat|verb|ع م ل|عَامَلَ|يُعَامِلُ|مُعَامَلَةٌ|deal with; treat|برتاؤ کرنا|
stubborn-v|verb|ع ن د|عَانَدَ|يُعَانِدُ|مُعَانَدَةٌ|oppose stubbornly|ضد کرنا|
console-v|verb|ع ز ي|عَزَّى|يُعَزِّي|تَعْزِيَةٌ|console; comfort|تسلی دینا|يعزون
m-prosper|verb|ف ل ح|أَفْلَحَ|يُفْلِحُ|إِفْلَاحٌ|succeed; prosper|کامیاب ہونا|
converse|verb|ك ل م|كَالَمَ|يُكَالِمُ|مُكَالَمَةٌ|speak with|بات چیت کرنا|
make-easy|verb|ه و ن|هَوَّنَ|يُهَوِّنُ|تَهْوِينٌ|make easy; lessen|آسان کرنا|
bequest|verb|و ر ث|أَوْرَثَ|يُورِثُ|إِيرَاثٌ|give as inheritance|وارث بنانا|
face-v|verb|و ج ه|وَاجَهَ|يُوَاجِهُ|مُوَاجَهَةٌ|face; confront|سامنا کرنا|
comfort-support|verb|أ س و|وَاسَى|يُوَاسِي|مُوَاسَاةٌ|console; support|ہمدردی کرنا|
turn-v|verb|و ل ي|وَلَّى|يُوَلِّي|تَوْلِيَةٌ|turn away; make turn|منہ پھیرنا|يولون تولون
use-service|verb|خ د م|اسْتَخْدَمَ|يَسْتَخْدِمُ|اسْتِخْدَامٌ|use; employ|استعمال کرنا؛ خدمت لینا|
deserve|verb|ح ق ق|اسْتَحَقَّ|يَسْتَحِقُّ|اسْتِحْقَاقٌ|deserve|حق دار ہونا|
ability-v|verb|ط و ع|اسْتَطَاعَ|يَسْتَطِيعُ|اسْتِطَاعَةٌ|be able|قدرت رکھنا|تسطع استطاعوا
ask-mutual|verb|ك ل م|تَكَلَّمَ|يَتَكَلَّمُ|تَكَلُّمٌ|speak|بولنا|تكلم
notice-smile|verb|ب س م|ابْتَسَمَ|يَبْتَسِمُ|ابْتِسَامٌ|smile|مسکرانا|
stay-night|verb|ب ي ت|بَاتَ|يَبِيتُ|بَيْتُوتَةٌ|spend the night|رات گزارنا|
spread-open|verb|ب س ط|بَسَطَ|يَبْسُطُ|بَسْطٌ|spread; extend; provide generously|پھیلانا؛ فراخی دینا|
talk-story|verb|ح د ث|تَحَدَّثَ|يَتَحَدَّثُ|تَحَدُّثٌ|talk; converse|بات کرنا|
liberate-self|verb|خ ل ص|تَخَلَّصَ|يَتَخَلَّصُ|تَخَلُّصٌ|free oneself; get rid of|چھٹکارا پانا|
recall-self|verb|ذ ك ر|تَذَكَّرَ|يَتَذَكَّرُ|تَذَكُّرٌ|remember; take heed|یاد کرنا؛ نصیحت حاصل کرنا|
learn-v|verb|ع ل م|تَعَلَّمَ|يَتَعَلَّمُ|تَعَلُّمٌ|learn|سیکھنا|
wander-lost|verb|ت ي ه|تَاهَ|يَتِيهُ|تِيهٌ|wander; be lost|بھٹکنا|
be-required|verb|و ج ب|وَجَبَ|يَجِبُ|وُجُوبٌ|be required; must|لازم ہونا|
be-anxious|verb|ج ز ع|جَزِعَ|يَجْزَعُ|جَزَعٌ|panic; be distressed|گھبرانا|
feel-longing|verb|ح ن ن|حَنَّ|يَحِنُّ|حَنِينٌ|feel tender affection; yearn|ممتا رکھنا؛ تڑپنا|
m-need|verb|ح و ج|احْتَاجَ|يَحْتَاجُ|احْتِيَاجٌ|need|ضرورت ہونا|
bear-endure|verb|ح م ل|احْتَمَلَ|يَحْتَمِلُ|احْتِمَالٌ|bear; endure|برداشت کرنا|
m-dream|verb|ح ل م|حَلَمَ|يَحْلُمُ|حُلْمٌ|dream|خواب دیکھنا|
beat-blindly|verb|خ ب ط|خَبَطَ|يَخْبِطُ|خَبْطٌ|stumble blindly; flounder|اندھا دھند چلنا|
fear-v|verb|خ ش ي|خَشِيَ|يَخْشَى|خَشْيَةٌ|fear|ڈرنا|خشيت خشينا
melt|verb|ذ و ب|ذَابَ|يَذُوبُ|ذَوَبَانٌ|melt|پگھلنا|
taste-v|verb|ذ و ق|ذَاقَ|يَذُوقُ|ذَوْقٌ|taste; experience|چکھنا؛ بھگتنا|
m-hope-v|verb|ر ج و|رَجَا|يَرْجُو|رَجَاءٌ|hope for|امید کرنا|رجوا
shepherd|verb|ر ع ي|رَعَى|يَرْعَى|رَعْيٌ|tend livestock; graze|چرانا|يرعون
irrigate|verb|ر و ي|رَوَى|يَرْوِي|رَيٌّ|water; irrigate|سیراب کرنا|
crawl|verb|ز ح ف|زَحَفَ|يَزْحَفُ|زَحْفٌ|crawl|رینگنا|
be-miserable|verb|ش ق ي|شَقِيَ|يَشْقَى|شَقَاءٌ|be miserable|بدبخت ہونا؛ تکلیف اٹھانا|
bar-prevent|verb|ص د د|صَدَّ|يَصُدُّ|صَدٌّ|bar; prevent|روکنا|
fast|verb|ص و م|صَامَ|يَصُومُ|صِيَامٌ|fast|روزہ رکھنا|
play-frivolous|verb|ع ب ث|عَبِثَ|يَعْبَثُ|عَبَثٌ|play with; tamper with|کھلواڑ کرنا|
cross|verb|ع ب ر|عَبَرَ|يَعْبُرُ|عُبُورٌ|cross|پار کرنا|
lesson-take|verb|ع ب ر|اعْتَبَرَ|يَعْتَبِرُ|اعْتِبَارٌ|take a lesson; reflect|عبرت پکڑنا|
believe-opinion|verb|ع ق د|اعْتَقَدَ|يَعْتَقِدُ|اعْتِقَادٌ|believe; hold an opinion|اعتقاد رکھنا|
devote|verb|ع ك ف|عَكَفَ|يَعْكُفُ|عُكُوفٌ|devote oneself; remain attached|جم کر بیٹھنا؛ لگے رہنا|
be-alarmed|verb|ف ز ع|فَزِعَ|يَفْزَعُ|فَزَعٌ|be frightened; panic|گھبرانا|
fight-mutual|verb|ق ت ل|اقْتَتَلَ|يَقْتَتِلُ|اقْتِتَالٌ|fight one another|آپس میں لڑنا|
fulfil-spend|verb|ق ض ي|قَضَى|يَقْضِي|قَضَاءٌ|spend (time); fulfil; decide|وقت گزارنا؛ پورا کرنا؛ فیصلہ کرنا|قضوا
be-weary|verb|س أ م|سَئِمَ|يَسْأَمُ|سَآمَةٌ|be weary; become bored|اکتا جانا|سئمنا
remain-lasting|verb|د و م|دَامَ|يَدُومُ|دَوَامٌ|last; remain|رہنا؛ جاری رہنا|
permit-allow|verb|س م ح|سَمَحَ|يَسْمَحُ|سَمَاحٌ|allow; permit|اجازت دینا|
curse-abuse|verb|س ب ب|سَبَّ|يَسُبُّ|سَبٌّ|abuse; curse|گالی دینا|
block|verb|س د د|سَدَّ|يَسُدُّ|سَدٌّ|block; shut|روکنا؛ بند کرنا|
attach-blame|verb|ع ت ب|عَتَبَ|يَعْتِبُ|عَتْبٌ|reproach|ملامت کرنا|
make-believe-self|verb|س و ل|سَوَّلَ|يُسَوِّلُ|تَسْوِيلٌ|make seem attractive (an evil act)|برائی کو خوش نما بنا دینا|
encourage|verb|ش ج ع|شَجَّعَ|يُشَجِّعُ|تَشْجِيعٌ|encourage|ہمت دلانا|
m-intensify|verb|ش د د|شَدَّدَ|يُشَدِّدُ|تَشْدِيدٌ|make difficult; intensify|سختی کرنا|
get-weaker|verb|ض ع ف|ضَعُفَ|يَضْعُفُ|ضَعْفٌ|become weak|کمزور ہونا|
spread-scatter|verb|ن ش ر|نَشَرَ|يَنْشُرُ|نَشْرٌ|spread; scatter|پھیلنا؛ پھیلانا|
be-sated|verb|ش ب ع|شَبِعَ|يَشْبَعُ|شِبَعٌ|be full; have enough to eat|پیٹ بھرنا|
make-bitter|verb|ن غ ص|نَغَّصَ|يُنَغِّصُ|تَنْغِيصٌ|make miserable; spoil enjoyment|زندگی تلخ کرنا|
run-out|verb|ن ف د|نَفِدَ|يَنْفَدُ|نَفَادٌ|run out; be exhausted|ختم ہو جانا|
forbid|verb|ن ه ي|نَهَى|يَنْهَى|نَهْيٌ|forbid; prevent|منع کرنا|نها
rare|verb|ن د ر|نَدَرَ|يَنْدُرُ|نُدُورٌ|be rare|نایاب ہونا|
m-regret|verb|ن د م|نَدِمَ|يَنْدَمُ|نَدَمٌ|regret|پچھتانا|
shout-call|verb|ه ت ف|هَتَفَ|يَهْتِفُ|هُتَافٌ|call out; shout|پکارنا؛ نعرہ لگانا|
growl|verb|ه ر ر|هَرَّ|يَهِرُّ|هَرِيرٌ|growl; snarl|غرانا|
widen|verb|و س ع|وَسَّعَ|يُوَسِّعُ|تَوْسِيعٌ|widen; make ample|کشادگی دینا|
appoint-successor|verb|خ ل ف|اسْتَخْلَفَ|يَسْتَخْلِفُ|اسْتِخْلَافٌ|make successors|جانشین بنانا|
extract|verb|خ ر ج|اسْتَخْرَجَ|يَسْتَخْرِجُ|اسْتِخْرَاجٌ|extract; bring out|نکالنا|
m-mock|verb|ه ز أ|اسْتَهْزَأَ|يَسْتَهْزِئُ|اسْتِهْزَاءٌ|mock; ridicule|مذاق اڑانا|
flow-over|verb|ف ي ض|فَاضَ|يَفِيضُ|فَيْضٌ|overflow; flow|بہنا؛ طغیانی آنا|
play-joyfully|verb|م ر ح|مَرِحَ|يَمْرَحُ|مَرَحٌ|frolic; rejoice|خوشی سے کھیلنا|
m-cast-away|verb|ن ب ذ|نَبَذَ|يَنْبِذُ|نَبْذٌ|cast away; reject|دور پھینکنا؛ رد کرنا|
establish-right|verb|ح ق ق|أَحَقَّ|يُحِقُّ|إِحْقَاقٌ|establish as true|حق ثابت کرنا|
banter|verb|م ز ح|مَازَحَ|يُمَازِحُ|مُمَازَحَةٌ|joke with|مذاق کرنا|
recommend|verb|و ص ي|أَوْصَى|يُوصِي|إِيصَاءٌ|advise; enjoin|تاکید کرنا؛ نصیحت کرنا|
entrust|verb|ف و ض|فَوَّضَ|يُفَوِّضُ|تَفْوِيضٌ|entrust; commit|سپرد کرنا|
make-nest|verb|ع ش ش|عَشَّشَ|يُعَشِّشُ|تَعْشِيشٌ|nest; settle in|گھونسلہ بنانا؛ گھر بنا لینا|
punish-v|verb|ع ق ب|عَاقَبَ|يُعَاقِبُ|مُعَاقَبَةٌ|punish|سزا دینا|
throw-cast|verb|ق ذ ف|قَذَفَ|يَقْذِفُ|قَذْفٌ|throw; cast|پھینکنا|
knock|verb|ق ر ع|قَرَعَ|يَقْرَعُ|قَرْعٌ|knock; strike|کھٹکھٹانا؛ ضرب لگانا|
come-close|verb|ق ر ب|قَرُبَ|يَقْرُبُ|قُرْبٌ|come near|قریب ہونا|
bring-close|verb|ق ر ب|قَرَّبَ|يُقَرِّبُ|تَقْرِيبٌ|bring near|قریب لانا|
come-nearer|verb|ق ر ب|تَقَرَّبَ|يَتَقَرَّبُ|تَقَرُّبٌ|seek closeness|قرب حاصل کرنا|
advance|verb|ق د م|تَقَدَّمَ|يَتَقَدَّمُ|تَقَدُّمٌ|advance; go forward|آگے بڑھنا|
present-offer|verb|ق د م|قَدَّمَ|يُقَدِّمُ|تَقْدِيمٌ|present; offer|پیش کرنا|
lament|verb|ر ث ي|رَثَى|يَرْثِي|رِثَاءٌ|pity; lament|رحم کرنا؛ ہمدردی کرنا|رثوا
burst-out|verb|ف ج ر|انْفَجَرَ|يَنْفَجِرُ|انْفِجَارٌ|burst forth|پھوٹ نکلنا|
make-spring|verb|ف ج ر|فَجَّرَ|يُفَجِّرُ|تَفْجِيرٌ|make burst forth|پھوٹ کر جاری کرنا|
mock-laugh|verb|س خ ر|سَخِرَ|يَسْخَرُ|سُخْرِيَةٌ|mock; ridicule|مذاق اڑانا|
shake-off|verb|ن ف ض|نَفَضَ|يَنْفُضُ|نَفْضٌ|shake off; scatter|جھاڑنا؛ بکھیرنا|
sleep-n|noun|ن و م|نَوْمٌ|-|-|sleep|نیند|
m-darkness|noun|ظ ل م|ظَلَامٌ|-|-|darkness|تاریکی|
rightness|noun|ر ش د|رُشْدٌ|-|-|right guidance; sound judgement|ہدایت؛ سمجھ داری|رشاد
salvation|noun|خ ل ص|خَلَاصٌ|-|-|deliverance|خلاصی|
harm-ada|noun|أ ذ ي|أَذًى|-|-|harm; injury|تکلیف؛ اذیت|أذى
pain-n|noun|أ ل م|أَلَمٌ|آلَامٌ|-|pain|درد|
enmity|noun|ع د و|عَدَاوَةٌ|-|-|enmity|دشمنی|
living-n|noun|ع ي ش|عَيْشٌ|-|-|living; life|زندگی|
state-affair|noun|ب و ل|بَالٌ|-|-|state; concern; thought|حال؛ خیال|
affair-khatb|noun|خ ط ب|خَطْبٌ|خُطُوبٌ|-|affair; serious matter|معاملہ|
m-thought-n|noun|خ ط ر|خَاطِرٌ|خَوَاطِرُ|-|thought; idea|خیال|
speaker-orator|noun|خ ط ب|خَطِيبٌ|خُطَبَاءُ|-|speaker; orator|خطیب|
misery|noun|ش ق و|شَقَاوَةٌ|-|-|misery; wretchedness|بدبختی|
help-supporter|noun|ظ ه ر|ظَهِيرٌ|ظُهَرَاءُ|-|supporter; helper|مددگار|
fertility|noun|خ ص ب|خِصْبٌ|-|-|fertility; abundance|زرخیزی؛ فراوانی|
m-field|noun|ح ق ل|حَقْلٌ|حُقُولٌ|-|field|کھیت|
roar-bellow|noun|خ و ر|خُوَارٌ|-|-|bellowing; lowing of cattle|گائے کی آواز|
lap-cradle|noun|م ه د|مَهْدٌ|مُهُودٌ|-|cradle|گہوارہ|
cruelty|noun|ق س و|قَسَاوَةٌ|-|-|cruelty; hardness|سنگ دلی|
weapon-authority|noun|ج ب ر|جَبَرُوتٌ|-|-|overwhelming power; tyranny|جبروت؛ جبر|
enthusiasm|noun|ح م س|حَمَاسَةٌ|-|-|enthusiasm; zeal|جوش|
courage|noun|ش ج ع|شَجَاعَةٌ|-|-|courage|بہادری|
reckless-audacity|noun|ج س ر|جَسَارَةٌ|-|-|audacity; boldness|جسارت|
restraint|noun|ح ل م|حِلْمٌ|-|-|forbearance; self-control|بردباری|
purity-n|noun|ط ه ر|طَهَارَةٌ|-|-|purity|پاکیزگی|
hanging-n|noun|ش ن ق|شَنْقٌ|-|-|hanging; execution by hanging|پھانسی|شنق
strangling-n|noun|خ ن ق|خَنْقٌ|-|-|strangling|گلا گھونٹنا|
fable|noun|خ ر ف|خُرَافَةٌ|خُرَافَاتٌ|-|fable; superstition|بے بنیاد قصہ|
legend|noun|س ط ر|أُسْطُورَةٌ|أَسَاطِيرُ|-|legend; myth|افسانہ|
fantasy|noun|و ه م|وَهْمٌ|أَوْهَامٌ|-|illusion; fancy|وہم|
conjecture|noun|خ م ن|تَخْمِينٌ|-|-|guess; conjecture|اندازہ|
religious-belief|noun|ع ق د|عَقِيدَةٌ|عَقَائِدُ|-|belief; creed|عقیدہ|
pomp-palace|noun|ص ر ح|صَرْحٌ|صُرُوحٌ|-|tower; lofty palace|بلند عمارت؛ محل|
m-benefit|noun|ف و د|فَائِدَةٌ|فَوَائِدُ|-|benefit|فائدہ|
justice|noun|ع د ل|عَدْلٌ|-|-|justice|انصاف|
fairness|noun|ن ص ف|إِنْصَافٌ|-|-|fairness; justice|انصاف|
meeting-companion|noun|ج ل س|جَلِيسٌ|جُلَسَاءُ|-|companion in a gathering|ہم نشین|جلسائ
employee|noun|أ ج ر|أَجِيرٌ|أُجَرَاءُ|-|hired worker|مزدور|
creature|noun|خ ل ق|مَخْلُوقٌ|مَخْلُوقَاتٌ|-|creature|مخلوق|
burial-place|noun|د ف ن|مَدْفَنٌ|مَدَافِنُ|-|burial place|قبر؛ دفن کی جگہ|
needs-purpose|noun|أ ر ب|مَأْرَبٌ|مَآرِبُ|-|need; purpose|ضرورت؛ مقصد|
m-refuge|noun|أ و ي|مَأْوًى|مَآوٍ|-|refuge; shelter|پناہ گاہ|مأوى
place-location|noun|ح ل ل|مَحَلٌّ|مَحَالُّ|-|place; position|جگہ|
return-place|noun|ر ج ع|مَرْجِعٌ|مَرَاجِعُ|-|return; place of return|واپسی؛ لوٹنے کی جگہ|
m-evening|noun|م س و|مَسَاءٌ|-|-|evening|شام|
fate-end|noun|ص ي ر|مَصِيرٌ|-|-|fate; outcome|انجام|
station-abode|noun|ق و م|مَقَامٌ|مَقَامَاتٌ|-|place; station; abode|جگہ؛ مقام|
key|noun|ف ت ح|مِفْتَاحٌ|مَفَاتِيحُ|-|key|چابی|
clothes-worn|noun|ل ب س|مَلْبَسٌ|مَلَابِسُ|-|clothing|لباس|
fountain-source|noun|ن ب ع|مَنْبَعٌ|مَنَابِعُ|-|source; spring|منبع؛ سرچشمہ|
awe|noun|ه ي ب|مَهَابَةٌ|-|-|awe; dignity|ہیبت|
detail|noun|ف ص ل|تَفْصِيلٌ|تَفَاصِيلُ|-|detail; explanation|تفصیل|
contact|noun|م س س|مِسَاسٌ|-|-|touch; contact|چھونا؛ میل جول|
side-region|noun|ن ح و|نَاحِيَةٌ|نَوَاحٍ|-|side; region|طرف؛ علاقہ|نواحي أنحاء
kind|noun|ن و ع|نَوْعٌ|أَنْوَاعٌ|-|kind; type|قسم|
sandals|noun|ن ع ل|نَعْلٌ|نِعَالٌ|-|sandal; shoe|جوتا|نعلين نعلي
night-morning-time|noun|ض ح و|ضُحًى|-|-|forenoon; morning|چاشت؛ صبح|ضحى
length|noun|ط و ل|طُولٌ|-|-|length; duration|لمبائی؛ مدت|
nature-disposition|noun|ط ب ع|طَبْعٌ|طِبَاعٌ|-|nature; disposition|طبیعت؛ مزاج|
boundary|noun|ح د د|حَدٌّ|حُدُودٌ|-|limit; boundary|حد|
punishment-flash|noun|ص ع ق|صَاعِقَةٌ|صَوَاعِقُ|-|thunderbolt|بجلی کی کڑک|
mark-degree|noun|د ر ج|دَرَجَةٌ|دَرَجَاتٌ|-|degree; rank|درجہ|
wager|noun|ر ه ن|رِهَانٌ|رِهَانَاتٌ|-|contest; wager|مقابلہ؛ شرط|
hour|noun|س و ع|سَاعَةٌ|سَاعَاتٌ|-|hour; moment|گھڑی؛ لمحہ|
lady|noun|س و د|سَيِّدَةٌ|سَيِّدَاتٌ|-|lady; mistress|خاتون؛ مالکن|
severity|noun|ش د د|شِدَّةٌ|-|-|hardship; severity|سختی|
good-doing|noun|ح س ن|إِحْسَانٌ|-|-|kindness; good deeds|احسان؛ نیکی|
disapproval|noun|ن ك ر|إِنْكَارٌ|-|-|disapproval; denial|انکار|
question-issue|noun|س أ ل|مَسْأَلَةٌ|مَسَائِلُ|-|question; issue|مسئلہ|
passion|noun|ه و ي|هَوًى|أَهْوَاءٌ|-|desire; caprice|خواہش؛ نفس کی خواہش|هوى
woe|noun|و ي ل|وَيْلٌ|-|-|woe; ruin|ہلاکت؛ خرابی|
sea-yamm|noun|ي م م|يَمٌّ|يُمُومٌ|-|sea; great river|سمندر؛ بڑا دریا|
nomad-land|noun|ب د و|بَادِيَةٌ|بَوَادِي|-|desert; countryside|بیابان؛ دیہات|
futile|adjective|ب ط ل|بَاطِلٌ|أَبَاطِيلُ|-|false; futile|باطل؛ بے کار|
hatred|noun|ب غ ض|بُغْضٌ|-|-|hatred|بغض؛ نفرت|
yellow|adjective|ص ف ر|أَصْفَرُ|صُفْرٌ|-|yellow|زرد|صفراء
straying|adjective|ض ل ل|ضَالٌّ|ضَالُّونَ|-|straying; misguided|گمراہ|ضالين
wandering|adjective|ت ي ه|تَائِهٌ|تَائِهُونَ|-|wandering; lost|بھٹکتا ہوا|تائهة
sitting|adjective|ق ع د|قَاعِدٌ|قَاعِدُونَ|-|sitting; remaining behind|بیٹھا ہوا|قاعدين
seated|adjective|ج ل س|جَالِسٌ|جَالِسُونَ|-|sitting|بیٹھا ہوا|جالسين
just|adjective|ع د ل|عَادِلٌ|عَادِلُونَ|-|just; fair|عادل؛ منصف|عادلين
incapable|adjective|ع ج ز|عَاجِزٌ|عَاجِزُونَ|-|unable; helpless|عاجز|عاجزين
old-antique|adjective|ع ت ق|عَتِيقٌ|عِتَاقٌ|-|old; ancient|پرانا|
hard-difficult|adjective|ع س ر|عَسِيرٌ|-|-|difficult|مشکل|
blind-n|adjective|ع م ي|أَعْمَى|عُمْيَانٌ|-|blind|اندھا|
deaf-n|adjective|ص م م|أَصَمُّ|صُمٌّ|-|deaf|بہرا|
angry|adjective|غ ض ب|غَضْبَانُ|غِضَابٌ|-|angry|غصے میں|
costly|adjective|غ ل و|غَالٍ|-|-|expensive; high-priced|مہنگا|غالي
noble-majid|adjective|م ج د|مَاجِدٌ|أَمْجَادٌ|-|noble; glorious|بزرگ؛ عالی شان|
m-ill|adjective|م ر ض|مَرِيضٌ|مَرْضَى|-|ill; sick|بیمار|
poisoned|adjective|س م م|مَسْمُومٌ|مَسْمُومُونَ|-|poisoned|زہر آلود|مسمومين
known|adjective|ع ل م|مَعْلُومٌ|مَعْلُومَاتٌ|-|known|معلوم|
deluded|adjective|غ ر ر|مَغْرُورٌ|مَغْرُورُونَ|-|deluded; conceited|دھوکے میں؛ مغرور|مغرورين
seduced|adjective|ف ت ن|مَفْتُونٌ|مَفْتُونُونَ|-|bewitched; seduced|فتنے میں مبتلا|مفتونين
criminal|noun|ج ر م|مُجْرِمٌ|مُجْرِمُونَ|-|criminal; sinner|مجرم|مجرمين
sinner|noun|ذ ن ب|مُذْنِبٌ|مُذْنِبُونَ|-|sinner; wrongdoer|گناہ گار|مذنبين
summoning-back|adjective|د ب ر|مُدْبِرٌ|مُدْبِرُونَ|-|turning away; fleeing|پیٹھ پھیر کر جانے والا|مدبرين
fertile|adjective|خ ص ب|مُخْصِبٌ|مُخْصِبُونَ|-|fertile|زرخیز|مخصبة
shattered|adjective|ص د ع|مُتَصَدِّعٌ|مُتَصَدِّعُونَ|-|split; shattered|پھٹا ہوا|متصدعين
coloured|adjective|ل و ن|مُلَوَّنٌ|مُلَوَّنَاتٌ|-|coloured|رنگین|ملونة
covered-sheet|adjective|س ج و|مُسَجًّى|-|-|covered; wrapped|کپڑے سے ڈھکا|مسجى
covered|adjective|غ ط و|مُغَطًّى|-|-|covered|ڈھکا ہوا|مغطى
forbidden-adj|adjective|ح ر م|مُحَرَّمٌ|مُحَرَّمَاتٌ|-|forbidden|ممنوع|محرمة
proud-arrogant|adjective|ك ب ر|مُسْتَكْبِرٌ|مُسْتَكْبِرُونَ|-|arrogant|تکبر کرنے والا|مستكبرين
returning-to|adjective|ق ل ب|مُنْقَلِبٌ|مُنْقَلِبُونَ|-|returning|لوٹنے والا|منقلبين
casting|adjective|ل ق ي|مُلْقٍ|مُلْقُونَ|-|casting; throwing|ڈالنے والا|ملقي ملقين
certain-adj|adjective|ي ق ن|مُوقِنٌ|مُوقِنُونَ|-|certain; convinced|یقین رکھنے والا|موقنين
assured|adjective|ط م أ ن|مُطْمَئِنٌّ|مُطْمَئِنُّونَ|-|assured; at ease|مطمئن|مطمئنين
separated|adjective|ف ص ل|مُفَصَّلٌ|مُفَصَّلَاتٌ|-|distinct; explained in detail|واضح؛ الگ الگ|
listening-n|adjective|س م ع|مُسْتَمِعٌ|مُسْتَمِعُونَ|-|listening|سننے والا|مستمعين
assembled|adjective|ج م ع|مُجْتَمِعٌ|مُجْتَمِعُونَ|-|assembled|جمع ہونے والا|مجتمعين
misleader|noun|ض ل ل|مُضِلٌّ|مُضِلُّونَ|-|one who misleads|گمراہ کرنے والا|مضلين
falling|adjective|ن ز ل|نَازِلٌ|نَازِلُونَ|-|descending; coming down|نازل ہونے والا|نازلة
clear-evident|adjective|و ض ح|وَاضِحٌ|وَاضِحُونَ|-|clear; evident|واضح|واضحين
weak-fragile|adjective|و ه ن|وَاهِنٌ|وَاهِنُونَ|-|weak; fragile|کمزور|واهنين
respected|adjective|و ج ه|وَجِيهٌ|وُجَهَاءُ|-|respected; honoured|معزز؛ صاحب وجاہت|
conqueror|adjective|ق ه ر|قَاهِرٌ|قَاهِرُونَ|-|dominant; subduing|غالب؛ دبا دینے والا|قاهرين
captured|adjective|أ س ر|مَأْسُورٌ|مَأْسُورُونَ|-|captive|گرفتار|مأسورين
humble|adjective|خ ش ع|خَاشِعٌ|خَاشِعُونَ|-|humble; submissive|عاجزی کرنے والا|خاشعين
stunned|adjective|ص ع ق|صَعِقٌ|صَعِقُونَ|-|stunned; unconscious|بے ہوش|صعقين
impudent|adjective|و ق ح|وَقِحٌ|وَقِحُونَ|-|impudent; insolent|بے شرم|وقحين
right-guided|adjective|ه د ي|هَادٍ|هَادُونَ|-|guide; one who guides|رہنما|هادي
concealer|noun|س ت ر|سَاتِرٌ|سَاتِرُونَ|-|concealer; protector|پردہ پوش؛ حفاظت کرنے والا|ساترين
worst-fatal|adjective|ق ض ي|قَاضٍ|قَاضُونَ|-|decisive; fatal in الضربة القاضية|فیصلہ کن؛ جان لیوا|قاضية
necessary|adjective|و ج ب|وَاجِبٌ|وَاجِبَاتٌ|-|necessary; duty|لازم؛ فرض|
be-sorry|verb|أ س ف|تَأَسَّفَ|يَتَأَسَّفُ|تَأَسُّفٌ|feel sorry; regret|افسوس کرنا|
grieve-for|verb|أ س ي|أَسِيَ|يَأْسَى|أَسًى|grieve; feel sorrow|غم کرنا|تأس
keep-back|verb|ذ و د|ذَادَ|يَذُودُ|ذَوْدٌ|keep back; hold back|روکنا|
clean-self|verb|ز ك و|تَزَكَّى|يَتَزَكَّى|تَزَكٍّ|purify oneself|پاک ہونا|
strive-walk|verb|س ع ي|سَعَى|يَسْعَى|سَعْيٌ|run; strive; move rapidly|دوڑنا؛ کوشش کرنا|
change-self|verb|غ ي ر|تَغَيَّرَ|يَتَغَيَّرُ|تَغَيُّرٌ|change|بدلنا|
cross-pass|verb|ج و ز|جَازَ|يَجُوزُ|جَوَازٌ|cross; pass over|گزرنا|
be-dim|verb|خ ف ت|خَفَتَ|يَخْفُتُ|خُفُوتٌ|become quiet; die down|مدھم ہونا؛ خاموش ہونا|
free-liberate|verb|خ ل ص|خَلَّصَ|يُخَلِّصُ|تَخْلِيصٌ|free; rescue|چھڑانا؛ نجات دینا|
plan|verb|د ب ر|دَبَّرَ|يُدَبِّرُ|تَدْبِيرٌ|plan; arrange|تدبیر کرنا|
restore-repeat|verb|ع و د|أَعَادَ|يُعِيدُ|إِعَادَةٌ|return; restore; repeat|واپس کرنا؛ دہرانا|
nullify|verb|ب ط ل|أَبْطَلَ|يُبْطِلُ|إِبْطَالٌ|nullify|باطل کرنا|
suck-draw|verb|م ص ص|امْتَصَّ|يَمْتَصُّ|امْتِصَاصٌ|suck; draw in|چوسنا|
slip-away|verb|س ل ل|انْسَلَّ|يَنْسَلُّ|انْسِلَالٌ|slip away|نکل جانا|
turn-back-over|verb|ق ل ب|انْقَلَبَ|يَنْقَلِبُ|انْقِلَابٌ|return; turn back|لوٹنا|
separate-ii|verb|ف ر ق|فَرَّقَ|يُفَرِّقُ|تَفْرِيقٌ|separate; divide|جدا کرنا|
separate-i|verb|ف ر ق|فَرَقَ|يَفْرُقُ|فَرْقٌ|part; separate|جدا کرنا|افرق
embrace|verb|ض م م|ضَمَّ|يَضُمُّ|ضَمٌّ|embrace; draw close; join|گلے لگانا؛ ملانا|ضم اضمم ضمت
intend-go|verb|ع م د|عَمَدَ|يَعْمِدُ|عَمْدٌ|make for; deliberately turn to|قصد کرنا؛ متوجہ ہونا|
give-favour|verb|م ن ح|مَنَحَ|يَمْنَحُ|مَنْحٌ|give; grant|عطا کرنا|منح
choose-take|verb|أ خ ذ|اتَّخَذَ|يَتَّخِذُ|اتِّخَاذٌ|take; adopt|اختیار کرنا|
desire-eager|verb|ط م ع|طَمِعَ|يَطْمَعُ|طَمَعٌ|hope eagerly; aspire|آرزو کرنا؛ طمع کرنا|
break-oath|verb|ن ك ث|نَكَثَ|يَنْكُثُ|نَكْثٌ|break an oath or promise|عہد توڑنا|
pollute|verb|ن ج س|نَجَّسَ|يُنَجِّسُ|تَنْجِيسٌ|defile; pollute|ناپاک کرنا|
be-light-easy|verb|ه و ن|هَانَ|يَهُونُ|هَوْنٌ|become easy; be of little worth|آسان ہونا؛ حقیر ہونا|
protect-give|verb|ج و ر|أَجَارَ|يُجِيرُ|إِجَارَةٌ|protect; give refuge|پناہ دینا|
bring-near|verb|د ن و|أَدْنَى|يُدْنِي|إِدْنَاءٌ|bring near|قریب لانا|
be-excessive|verb|س ر ف|أَسْرَفَ|يُسْرِفُ|إِسْرَافٌ|exceed bounds; be excessive|حد سے بڑھنا|
turn-repent|verb|ن و ب|أَنَابَ|يُنِيبُ|إِنَابَةٌ|turn to God; repent|اللہ کی طرف رجوع کرنا|
beat-leaves|verb|ه ش ش|هَشَّ|يَهُشُّ|هَشٌّ|beat down leaves|پتے جھاڑنا|
assist|verb|س ع د|سَاعَدَ|يُسَاعِدُ|مُسَاعَدَةٌ|help|مدد کرنا|
dare|verb|ج ر أ|اجْتَرَأَ|يَجْتَرِئُ|اجْتِرَاءٌ|dare; act boldly|جرأت کرنا|
m-doubt|verb|ر ي ب|ارْتَابَ|يَرْتَابُ|ارْتِيَابٌ|doubt|شک کرنا|
remain-upright|verb|ق و م|اسْتَقَامَ|يَسْتَقِيمُ|اسْتِقَامَةٌ|remain upright; be steadfast|ثابت قدم رہنا|
transgress|verb|ع د و|اعْتَدَى|يَعْتَدِي|اعْتِدَاءٌ|transgress; wrong|زیادتی کرنا|اعتدوا
apologize|verb|ع ذ ر|اعْتَذَرَ|يَعْتَذِرُ|اعْتِذَارٌ|offer an excuse; apologize|عذر پیش کرنا|
acknowledge|verb|ع ر ف|اعْتَرَفَ|يَعْتَرِفُ|اعْتِرَافٌ|admit; acknowledge|اعتراف کرنا|
m-rely|verb|ع م د|اعْتَمَدَ|يَعْتَمِدُ|اعْتِمَادٌ|rely on|اعتماد کرنا|
refrain|verb|م ن ع|امْتَنَعَ|يَمْتَنِعُ|امْتِنَاعٌ|refrain; be prevented|رکنا؛ باز رہنا|
be-concerned|verb|ه م م|اهْتَمَّ|يَهْتَمُّ|اهْتِمَامٌ|be concerned|فکر کرنا|
incur|verb|ب و أ|بَاءَ|يَبُوءُ|بَوْءٌ|incur; return bearing|لوٹنا؛ بوجھ لینا|باءوا
thunder|verb|ر ع د|رَعَدَ|يَرْعُدُ|رَعْدٌ|thunder; rage|گرجنا|
flash|verb|ب ر ق|بَرَقَ|يَبْرُقُ|بَرْقٌ|flash; rage (برق ورعد)|چمکنا؛ غضب ناک ہونا|
dazzle|verb|ب ر ق|بَرِقَ|يَبْرَقُ|بَرَقٌ|be dazzled; stare in astonishment|حیرت سے آنکھیں کھل جانا|
lodge-settle|verb|ب و أ|بَوَّأَ|يُبَوِّئُ|تَبْوِئَةٌ|settle; provide a dwelling|ٹھکانہ دینا|
be-astonished|verb|ب ه ت|بَهَتَ|يَبْهَتُ|بَهْتٌ|astonish; confound (often passive)|حیران کرنا|بهتوا
be-free-from|verb|ب ر أ|بَرِئَ|يَبْرَأُ|بَرَاءَةٌ|be free of; disavow|بری ہونا؛ بیزاری ظاہر کرنا|
retreat|verb|ر ج ع|تَرَاجَعَ|يَتَرَاجَعُ|تَرَاجُعٌ|retreat|پیچھے ہٹنا|
be-tired|verb|ت ع ب|تَعِبَ|يَتْعَبُ|تَعَبٌ|be tired|تھکنا|
spoil-perish|verb|ت ل ف|تَلِفَ|يَتْلَفُ|تَلَفٌ|perish; spoil|تلف ہونا؛ خراب ہونا|
breathe|verb|ن ف س|تَنَفَّسَ|يَتَنَفَّسُ|تَنَفُّسٌ|breathe|سانس لینا|
seize-pull|verb|ن ز ع|انْتَزَعَ|يَنْتَزِعُ|انْتِزَاعٌ|seize; take away|چھین لینا|
illuminate|verb|ن و ر|أَنَارَ|يُنِيرُ|إِنَارَةٌ|illuminate|روشن کرنا|
pass-away|verb|و ف ي|تَوَفَّى|يَتَوَفَّى|تَوَفٍّ|take in death (passive: die)|جان قبض کرنا؛ مجہول میں وفات پانا|توفي
befall-surround|verb|ح ي ق|حَاقَ|يَحِيقُ|حَيْقٌ|befall; surround|آ گھیرنا|
fall-prostrate|verb|خ ر ر|خَرَّ|يَخِرُّ|خُرُورٌ|fall down; fall prostrate|گرنا؛ سجدے میں گرنا|
occur-to|verb|خ ط ر|خَطَرَ|يَخْطُرُ|خُطُورٌ|occur to the mind|خیال آنا|
leave-behind|verb|خ ل ف|خَلَّفَ|يُخَلِّفُ|تَخْلِيفٌ|leave behind|پیچھے چھوڑنا|
leave-clear|verb|خ ل و|خَلَّى|يُخَلِّي|تَخْلِيَةٌ|let go; leave alone|چھوڑ دینا|خلوا
persist|verb|د و م|دَاوَمَ|يُدَاوِمُ|مُدَاوَمَةٌ|persist; keep doing|پابندی کرنا|
bury|verb|د ف ن|دَفَنَ|يَدْفِنُ|دَفْنٌ|bury|دفن کرنا|
swerve|verb|ز ي غ|زَاغَ|يَزِيغُ|زَيْغٌ|swerve; deviate|ٹیڑھا ہونا؛ بہکنا|
impose-v|verb|س ل ط|سَلَّطَ|يُسَلِّطُ|تَسْلِيطٌ|set upon; impose|مسلط کرنا|
cry-out|verb|ص ي ح|صَاحَ|يَصِيحُ|صِيَاحٌ|cry out|چلانا|
describe|verb|و ص ف|وَصَفَ|يَصِفُ|وَصْفٌ|describe|بیان کرنا؛ وصف بتانا|
confide|verb|ن ج و|نَاجَى|يُنَاجِي|مُنَاجَاةٌ|speak privately with|سرگوشی کرنا؛ راز کی بات کرنا|
help-succeed|verb|و ف ق|وَفَّقَ|يُوَفِّقُ|تَوْفِيقٌ|grant success; enable|توفیق دینا|وفقوا
belittle|verb|ح ق ر|احْتَقَرَ|يَحْتَقِرُ|احْتِقَارٌ|despise; belittle|حقیر سمجھنا|
deceive|verb|خ د ع|خَدَعَ|يَخْدَعُ|خَدْعٌ|deceive|دھوکا دینا|
treat-medically|verb|د و ي|دَاوَى|يُدَاوِي|مُدَاوَاةٌ|treat; give medical care|علاج کرنا|
hunt|verb|ص ي د|صَادَ|يَصِيدُ|صَيْدٌ|hunt; catch|شکار کرنا|يصاد
humiliate-v|verb|ه و ن|أَهَانَ|يُهِينُ|إِهَانَةٌ|humiliate|توہین کرنا|يهان
security|noun|أ م ن|أَمَانٌ|-|-|safety; security|امن؛ حفاظت|
strength-skin|adjective|ج ل د|جِلْدٌ|-|-|stubbornly enduring; tough|سخت جان؛ ہٹ دھرم|
shock-stun|verb|ص ع ق|صَعِقَ|يَصْعَقُ|صَعَقٌ|be stunned; faint|بے ہوش ہونا|
wretchedness|noun|س ك ن|مَسْكَنَةٌ|-|-|destitution; abject poverty|مسکینی؛ بے بسی|
kind-sweet-words|noun|ل ي ن|لِينٌ|-|-|gentleness; softness|نرمی|
dream-n|noun|ح ل م|حُلُمٌ|أَحْلَامٌ|-|dream|خواب|
field-scorpion|noun|ع ق ر ب|عَقْرَبٌ|عَقَارِبُ|-|scorpion|بچھو|
passage-tunnel|noun|س ر ب|سَرَبٌ|أَسْرَابٌ|-|tunnel-like passage (through the sea)|سرنگ جیسا راستہ|
flow-brick|noun|أ ج ر|آجُرٌّ|-|-|baked brick|پکی اینٹ|
calm-dignity|noun|و ق ر|وَقَارٌ|-|-|dignity; composure|وقار|
little-quantity|noun|ق ل ل|قِلَّةٌ|-|-|scarcity; fewness|کمی|
walk-n|noun|م ش ي|مَشْيٌ|-|-|walking|چلنا|
bargain-speech|noun|ق و ل|مَقَالٌ|مَقَالَاتٌ|-|speech; words|بات؛ گفتگو|
ill-omens-tribe|noun|ش ي ع|شِيعَةٌ|شِيَعٌ|-|faction; group|گروہ|
adversity|noun|ع س ر|عُسْرٌ|-|-|hardship; difficulty|تنگی؛ مشکل|
loathe-v|verb|ك ر ه|كَرِهَ|يَكْرَهُ|كَرَاهَةٌ|dislike; hate|ناپسند کرنا|
settle-place|noun|ق ر ر|قَرَارٌ|-|-|abode; place of settlement|ٹھکانہ|
obey-n|noun|ط و ع|طَاعَةٌ|-|-|obedience|اطاعت|
willingly|noun|ط و ع|طَوْعٌ|-|-|willing compliance|خوشی سے ماننا|
dispute|noun|خ ص م|خِصَامٌ|-|-|argument; dispute|جھگڑا|
rescue-trial|noun|ع ب ر|عِبْرَةٌ|عِبَرٌ|-|lesson; warning|عبرت|
m-returning|adjective|ر د د|رَادٌّ|رَادُّونَ|-|returning; restoring; one who prevents|لوٹانے والا؛ روکنے والا|رادو رادين
we-return-n|noun|ر د د|رَدٌّ|-|-|return; restoration|واپسی|
thousand|numeral|أ ل ف|أَلْفٌ|-|-|thousand|ہزار|آلاف ألوف
hundred|numeral|م أ ي|مِئَةٌ|-|-|hundred|سو|مئات مائة
this-two|pronoun|-|هَذَانِ|-|-|these two (masculine)|یہ دو؛ مذکر|هذين
this-two-f|pronoun|-|هَاتَانِ|-|-|these two (feminine)|یہ دو؛ مؤنث|هاتين
on-that-day|particle|-|يَوْمَئِذٍ|-|-|on that day|اس دن|
from-who|particle|-|مِمَّنْ|-|-|from whom; of those who|اس سے جو؛ ان میں سے جو|
whatever|particle|-|مَهْمَا|-|-|whatever; no matter what|جو کچھ بھی|
while|particle|-|بَيْنَمَا|-|-|while; when|اسی دوران؛ جب|
how-whence|particle|-|أَنَّى|-|-|how; whence|کیسے؛ کہاں سے|
either-or|particle|-|إِمَّا|-|-|either; or|یا تو؛ یا|
as-for-what|particle|-|أَنَّمَا|-|-|that what (أنّ + ما)|کہ جو|
me-alone|pronoun|-|إِيَّايَ|-|-|me (emphatic)|مجھے؛ تاکید کے ساتھ|
consider-august|verb|ق د ر|قَدَّرَ|يُقَدِّرُ|تَقْدِيرٌ|decree; determine; appreciate|مقرر کرنا؛ قدر کرنا|
inform-ii|verb|ن ب أ|نَبَّأَ|يُنَبِّئُ|تَنْبِئَةٌ|inform; explain|خبر دینا|
pursue-life|verb|ع ي ش|عَاشَ|يَعِيشُ|عَيْشٌ|live|زندہ رہنا|
exceed-in-speech|verb|ب ل غ|بَالَغَ|يُبَالِغُ|مُبَالَغَةٌ|go far; insist|اصرار کرنا؛ حد سے بڑھنا|
turn-redirect|verb|ل ف ت|لَفَتَ|يَلْفِتُ|لَفْتٌ|turn; divert|پھیرنا|
guest|noun|ض ي ف|ضَيْفٌ|ضُيُوفٌ|-|guest|مہمان|
joyous|adjective|ف ك ه|فَاكِهٌ|فَاكِهُونَ|-|enjoying ease; rejoicing|مزے میں؛ خوش|فاكهين
in-law|noun|ص ه ر|صِهْرٌ|أَصْهَارٌ|-|son-in-law; relation by marriage|داماد؛ سسرالی رشتہ دار|
account-action|noun|ص ن ع|صَنِيعٌ|صَنَائِعُ|-|action; favour done|کام؛ احسان|
harm-dayr|noun|ض ي ر|ضَيْرٌ|-|-|harm|نقصان|
usage-habit|noun|د أ ب|دَأْبٌ|-|-|habit; customary fate|روش؛ معمول؛ انجام|
wander-n|noun|ت ي ه|تِيهٌ|-|-|wandering; wilderness wandering|بھٹکنا؛ بیابان میں سرگردانی|
territory-width|noun|ع ر ض|عَرْضٌ|-|-|width; breadth|چوڑائی|
m-happy|adjective|س ع د|سَعِيدٌ|سُعَدَاءُ|-|happy; fortunate|خوش نصیب|سعيدة
quick|adjective|س ر ع|سَرِيعٌ|سِرَاعٌ|-|quick; fast|تیز؛ جلد کرنے والا|سريعي سريعين
return-point|noun|أ و ب|أَوْبٌ|-|-|return|واپسی|
singularity|noun|و ح د|وَحْدٌ|-|-|alone; by oneself (وحده)|تنہا؛ اکیلا|
right-hand|noun|ي م ن|يَمِينٌ|أَيْمَانٌ|-|right hand; right side|دایاں ہاتھ؛ دائیں طرف|
first-night-hour|noun|ن د و|نَدًى|-|-|dew; moisture|شبنم|ندى
mount-valley|proper-name|-|طُوًى|-|-|Tuwa, the sacred valley|وادی طویٰ|طوى
nimrod|proper-name|-|نُمْرُودُ|-|-|Nimrod|نمرود|
egyptian|adjective|-|مِصْرِيٌّ|مِصْرِيُّونَ|-|Egyptian|مصری|مصريين
coming|adjective|أ ت ي|آتٍ|آتُونَ|-|coming|آنے والا|آتي آتية
ward-custody|noun|أ س ر|أَسْرٌ|-|-|captivity|قید؛ اسیری|
uncover-remove|verb|خ ل ع|خَلَعَ|يَخْلَعُ|خَلْعٌ|take off; remove|اتارنا|اخلع
attentive-listen|verb|س م ع|اسْتَمَعَ|يَسْتَمِعُ|اسْتِمَاعٌ|listen attentively|توجہ سے سننا|استمع
lie|verb|ك ذ ب|كَذَبَ|يَكْذِبُ|كَذِبٌ|lie; tell a lie|جھوٹ بولنا|
cut-v|verb|ق ط ع|قَطَعَ|يَقْطَعُ|قَطْعٌ|cut|کاٹنا|
month|noun|ش ه ر|شَهْرٌ|أَشْهُرٌ، شُهُورٌ|-|month|مہینہ|
emigration|noun|ه ج ر|هِجْرَةٌ|-|-|migration|ہجرت|
poet|noun|ش ع ر|شَاعِرٌ|شُعَرَاءُ|-|poet|شاعر|
donkey|noun|ح م ر|حِمَارٌ|حَمِيرٌ|-|donkey|گدھا|
new|adjective|ج د د|جَدِيدٌ|جُدُدٌ|-|new|نیا|جديدة
whole-body|noun|ج س د|جَسَدٌ|أَجْسَادٌ|-|body|جسم|
in-public|noun|ج ه ر|جَهْرَةٌ|-|-|openly; plainly|کھلم کھلا|
in-spite|noun|ر غ م|رَغْمٌ|-|-|despite; in spite of|باوجود|
drunken|adjective|س ك ر|سَكْرَانُ|سُكَارَى|-|intoxicated; drunk|نشے میں|
prey|noun|ص ي د|صَيْدٌ|-|-|prey; hunt|شکار|
opposite|noun|ض د د|ضِدٌّ|أَضْدَادٌ|-|opposite|ضد؛ الٹ|
group-faction|noun|ط و ف|طَائِفَةٌ|طَوَائِفُ|-|group; section of people|گروہ|
dominating|adjective|ظ ه ر|ظَاهِرٌ|ظَاهِرُونَ|-|dominant; prevailing|غالب|ظاهرين
adoring|adjective|ع ك ف|عَاكِفٌ|عَاكِفُونَ|-|devoted; remaining attached|لگا رہنے والا|عاكفين
blindly|adjective|ع ش و|عَشْوَاءُ|-|-|blind; blindly in خبط عشواء|اندھا؛ اندھا دھند|
gift-grant|noun|ع ط و|عَطَاءٌ|عَطَايَا|-|gift; grant|عطیہ|
covenant|noun|ع ه د|عَهْدٌ|عُهُودٌ|-|covenant; pledge; era|عہد؛ وعدہ؛ دور|
vein|noun|ع ر ق|عِرْقٌ|عُرُوقٌ|-|vein|رگ|
height-n|noun|ع ل و|عُلُوٌّ|-|-|height; exaltation|بلندی|
crookedness|noun|ع و ج|عِوَجٌ|-|-|crookedness|ٹیڑھاپن|
meal-morning|noun|غ د و|غَدَاءٌ|-|-|meal; morning meal|کھانا؛ صبح کا کھانا|غداء غدائ
usurpation|noun|غ ص ب|غَصْبٌ|-|-|forcible seizure|زبردستی چھین لینا|
dust|noun|غ ب ر|غُبَارٌ|-|-|dust|گرد|
trial-temptation|noun|ف ت ن|فِتْنَةٌ|فِتَنٌ|-|trial; temptation|فتنہ؛ آزمائش|
flight-n|noun|ف ر ر|فِرَارٌ|-|-|flight; escape|فرار|
arrival-n|noun|ق د م|قُدُومٌ|-|-|arrival|آمد|
facing-prayer|noun|ق ب ل|قِبْلَةٌ|قِبَلٌ|-|direction faced in prayer|قبلہ|
fighting-n|noun|ق ت ل|قِتَالٌ|-|-|fighting|لڑائی|
sufficient|adjective|ك ف ي|كَافٍ|كَافُونَ|-|sufficient|کافی|كافية كافي
aversion|noun|ك ر ه|كَرَاهَةٌ|-|-|aversion; dislike|نفرت؛ ناپسندیدگی|
remaining-others|adjective|س أ ر|سَائِرٌ|-|-|the rest; other|باقی؛ دوسرے|
quiver|noun|ك ن ن|كِنَانَةٌ|كَنَائِنُ|-|quiver; protective sheath (metaphor for Egypt)|ترکش؛ مصر کے لیے استعارہ|
error-mistake|noun|خ ط أ|خَطَأٌ|أَخْطَاءٌ|-|mistake; error|غلطی|
quarrelsome|adjective|غ و ي|غَوِيٌّ|غَوِيُّونَ|-|quarrelsome; misguided|جھگڑالو؛ گمراہ|غويين
plaything|noun|ل ع ب|لُعْبَةٌ|لُعَبٌ|-|plaything; toy|کھلونا|
canaanite|adjective|-|كَنْعَانِيٌّ|كَنْعَانِيُّونَ|-|Canaanite|کنعانی|كنعانيين
lesson-observer|noun|ع ب ر|مُعْتَبِرٌ|مُعْتَبِرُونَ|-|one who takes a lesson|عبرت حاصل کرنے والا|معتبرين
contemptible|adjective|ه و ن|مَهِينٌ|مَهِينُونَ|-|contemptible; lowly|حقیر|مهينين
miracle|noun|ع ج ز|مُعْجِزَةٌ|مُعْجِزَاتٌ|-|miracle|معجزہ|
dealing-n|noun|ع م ل|مُعَامَلَةٌ|مُعَامَلَاتٌ|-|treatment; dealing|برتاؤ؛ معاملہ|
respited|adjective|ن ظ ر|مُنْظَرٌ|مُنْظَرُونَ|-|granted respite|مہلت دیا گیا|منظرين
air|noun|ه و ي|هَوَاءٌ|-|-|air|ہوا|هوائ
right-guidance|noun|ه د ي|هِدَايَةٌ|-|-|guidance|ہدایت|
extravagance|noun|س ر ف|إِسْرَافٌ|-|-|excess; extravagance|حد سے بڑھنا؛ اسراف|
hurting-n|noun|أ ذ ي|إِيذَاءٌ|-|-|hurting; mistreatment|اذیت دینا|إيذائ
prostration-n|noun|س ج د|سُجُودٌ|-|-|prostration|سجدہ|
spouse-female|noun|ص ح ب|صَاحِبَةٌ|صَاحِبَاتٌ|-|wife; female companion|بیوی؛ ساتھی عورت|
maker|noun|ج ع ل|جَاعِلٌ|جَاعِلُونَ|-|one who makes; appointing|بنانے والا|جاعلو جاعلين
seduce-trial|verb|ف ت ن|فَتَنَ|يَفْتِنُ|فِتْنَةٌ|tempt; put to trial|فتنے میں ڈالنا|
shade-ii|verb|ظ ل ل|ظَلَّلَ|يُظَلِّلُ|تَظْلِيلٌ|shade|سایہ کرنا|
magic-v|verb|س ح ر|سَحَرَ|يَسْحَرُ|سِحْرٌ|bewitch; perform magic|جادو کرنا|
serve|verb|خ د م|خَدَمَ|يَخْدِمُ|خِدْمَةٌ|serve|خدمت کرنا|
stay-cease|verb|ب ر ح|بَرِحَ|يَبْرَحُ|بَرَاحٌ|leave; cease (with لن: will not cease)|چھوڑنا؛ نفی کے ساتھ لگے رہنا|
intend-wish|verb|و د د|وَدَّ|يَوَدُّ|وُدٌّ|wish; love|چاہنا|وددنا
ignorant-v|verb|ج ه ل|جَهِلَ|يَجْهَلُ|جَهْلٌ|be ignorant|ناواقف ہونا|
shade-tree|noun|ظ ل ل|ظِلٌّ|ظِلَالٌ|-|shade; shadow|سایہ|
hurt-iv|verb|أ ذ ي|آذَى|يُؤْذِي|إِيذَاءٌ|harm; hurt|اذیت دینا|آذوا آذيتمو يؤذون تؤذون
last-adj|adjective|أ خ ر|أَخِيرٌ|أَخِيرُونَ|-|last; final|آخری|أخيرين
support-care|verb|ك ف ل|كَفَلَ|يَكْفُلُ|كَفَالَةٌ|care for; foster|کفالت کرنا|
more-unjust|adjective|ظ ل م|أَظْلَمُ|-|-|more unjust|زیادہ ظالم|
towards|particle|-|نَحْوَ|-|-|towards|کی طرف|
all-mighty|adjective|ق ه ر|قَهَّارٌ|-|-|the irresistible; ever-subduing|زبردست؛ سب پر غالب|
love-affection|noun|و د د|وُدٌّ|-|-|affection; love|محبت|
hell-jahannam|proper-name|-|جَهَنَّمُ|-|-|Hell|جہنم|
groups-bands|noun|ف و ج|فَوْجٌ|أَفْوَاجٌ|-|group; band|گروہ|
fight-iii|verb|ق ت ل|قَاتَلَ|يُقَاتِلُ|قِتَالٌ|fight|لڑنا|
sit-remain|verb|ق ع د|قَعَدَ|يَقْعُدُ|قُعُودٌ|sit; remain|بیٹھنا|
succeed-in-place|verb|خ ل ف|خَلَفَ|يَخْلُفُ|خَلْفٌ|succeed; take someone's place|جانشین ہونا|اخلف
plot-scheme|verb|م ك ر|مَكَرَ|يَمْكُرُ|مَكْرٌ|plot; scheme|چال چلنا|
plot-n|noun|م ك ر|مَكْرٌ|-|-|plot; scheme|چال؛ سازش|
seek-desire|verb|ب غ ي|بَغَى|يَبْغِي|بَغْيٌ|seek; desire|چاہنا؛ تلاش کرنا|نبغ
complain|verb|ش ك و|شَكَا|يَشْكُو|شَكْوَى|complain|شکایت کرنا|شكى
revelation-n|noun|و ح ي|وَحْيٌ|-|-|revelation|وحی|
inspire|verb|ل ه م|أَلْهَمَ|يُلْهِمُ|إِلْهَامٌ|inspire|الہام کرنا|
protection-wqy|verb|و ق ي|وَقَى|يَقِي|وِقَايَةٌ|protect; guard|حفاظت کرنا|وقا تقي
appear-iv|verb|ظ ه ر|أَظْهَرَ|يُظْهِرُ|إِظْهَارٌ|show; manifest|ظاہر کرنا|
infant-walid|noun|و ل د|وَلِيدٌ|وِلْدَانٌ|-|infant; baby|نوزائیدہ بچہ|
lad-assistant|noun|ف ت ي|فَتًى|فِتْيَانٌ|-|young man; assistant|نوجوان؛ خادم|فتى فتا
liver|noun|ك ب د|كَبِدٌ|أَكْبَادٌ|-|liver; child as 'piece of one's liver'|جگر|
more-knowledgeable|adjective|ع ل م|أَعْلَمُ|-|-|more knowledgeable; most knowledgeable|زیادہ جاننے والا؛ سب سے عالم|
sorcerer-priest|noun|ك ه ن|كَاهِنٌ|كُهَّانٌ|-|soothsayer|کاہن|
urban-life|noun|ح ض ر|حَضَرٌ|-|-|settled urban life; townspeople|شہری زندگی؛ شہر کے لوگ|
cut-intensive|verb|ق ط ع|قَطَّعَ|يُقَطِّعُ|تَقْطِيعٌ|cut into pieces; cut off|ٹکڑے کرنا؛ کاٹ ڈالنا|
slaughter-intensive|verb|ذ ب ح|ذَبَّحَ|يُذَبِّحُ|تَذْبِيحٌ|slaughter repeatedly|بار بار ذبح کرنا|
kill-intensive|verb|ق ت ل|قَتَّلَ|يُقَتِّلُ|تَقْتِيلٌ|kill repeatedly|بکثرت قتل کرنا|
spare-life|verb|ح ي ي|اسْتَحْيَا|يَسْتَحْيِي|اسْتِحْيَاءٌ|spare; keep alive (in the oppression narrative)|زندہ چھوڑنا|
award-prefer|verb|ف ض ل|فَضَّلَ|يُفَضِّلُ|تَفْضِيلٌ|favour; prefer|فضیلت دینا|
better|adjective|ف ض ل|أَفْضَلُ|-|-|better; superior|بہتر؛ افضل|
be-generous|noun|ك ر م|كَرَمٌ|-|-|generosity|سخاوت|
heat|noun|ح ر ر|حَرٌّ|-|-|heat|گرمی|
strength-n|noun|ض ع ف|ضَعْفٌ|-|-|weakness|کمزوری|
incapacity|noun|ع ج ز|عَجْزٌ|-|-|inability; helplessness|عجز؛ بے بسی|
warning-threat|noun|و ع د|وَعِيدٌ|-|-|threat|دھمکی|
commander-jabar|verb|ج ب ر|جَبَرَ|يَجْبُرُ|جَبْرٌ|compel; force|مجبور کرنا|
sleep-forgot|noun|ن س ي|نِسْيَانٌ|-|-|forgetfulness|بھول|
bitterness|noun|م ر ر|مُرٌّ|-|-|bitterness|تلخی|
put-upright|verb|ق و م|أَقَامَ|يُقِيمُ|إِقَامَةٌ|establish; set upright; perform (prayer)|قائم کرنا|أقم أقيموا
make-drink|verb|ش ر ب|أَشْرَبَ|يُشْرِبُ|إِشْرَابٌ|give to drink; instil (in the heart)|پلانا؛ دل میں بٹھانا|أشربوا
enslave-ii|verb|ع ب د|عَبَّدَ|يُعَبِّدُ|تَعْبِيدٌ|enslave; subjugate|غلام بنانا|
return-to-kind|noun|ح ل ل|حَلْيٌ|حُلِيٌّ|-|ornament; jewellery|زیور|حلي
until-when|particle|-|لَمَّا|-|-|when; after (past narrative)|جب|
when-surprise|particle|-|أَمَّا|-|-|as for|جہاں تک|
that-neg|particle|-|لِئَلَّا|-|-|so that not|تاکہ نہ|
negation-in|particle|-|إِنْ|-|-|not (with إلا); certainly (in إن هذان)|نفی؛ بعض سیاق میں تاکید|
book|noun|ك ت ب|كِتَابٌ|كُتُبٌ|-|book; scripture|کتاب|
write|verb|ك ت ب|كَتَبَ|يَكْتُبُ|كِتَابَةٌ|write; decree|لکھنا؛ مقرر کرنا|
word|noun|ك ل م|كَلِمَةٌ|كَلِمَاتٌ|-|word|لفظ|كلمات
journey-n|noun|س ف ر|سَفَرٌ|أَسْفَارٌ|-|journey|سفر|
colour|noun|ل و ن|لَوْنٌ|أَلْوَانٌ|-|colour|رنگ|
guidance-n|noun|ه د ي|هُدًى|-|-|guidance|ہدایت|هدى
seriousness|noun|ج د د|جِدٌّ|-|-|seriousness; earnest effort|سنجیدگی؛ محنت|
gentle-adj|adjective|ل ي ن|لَيِّنٌ|لَيِّنُونَ|-|gentle; soft|نرم|
gaze-n|noun|ن ظ ر|نَظَرٌ|-|-|gaze; sight|نظر|
drowning-n|noun|غ ر ق|غَرَقٌ|-|-|drowning|ڈوبنا|
on-behalf|noun|ق ب ل|قِبَلٌ|-|-|direction; on behalf of (من قبل)|طرف؛ کی طرف سے|
turn-towards|verb|ق ب ل|أَقْبَلَ|يُقْبِلُ|إِقْبَالٌ|turn towards; approach|آگے آنا؛ متوجہ ہونا|
origin-n|noun|أ ص ل|أَصْلٌ|أُصُولٌ|-|origin; root|اصل؛ بنیاد|
remove-iv|verb|ز و ل|أَزَالَ|يُزِيلُ|إِزَالَةٌ|remove|دور کرنا|
reach-maturity|verb|ب ل غ|بَلَغَ|يَبْلُغُ|بُلُوغٌ|reach; attain|پہنچنا|
eden|proper-noun|-|عَدْنٌ|-|-|Eden; lasting abode|عدن؛ دائمی قیام|
manners-nature|noun|خ ل ق|خُلُقٌ|أَخْلَاقٌ|-|character; manners|اخلاق|
affect-ii|verb|أ ث ر|أَثَّرَ|يُؤَثِّرُ|تَأْثِيرٌ|affect; influence|اثر ڈالنا|
follow-path|verb|س ل ك|سَلَكَ|يَسْلُكُ|سُلُوكٌ|follow a path; make a way|راستہ چلنا؛ راستہ بنانا|
safety-n|noun|أ م ن|أَمْنٌ|-|-|safety; security|امن|
night-travel|verb|س ر ي|سَرَى|يَسْرِي|سُرًى|travel by night; flow|رات کو چلنا؛ جاری ہونا|
bring-into-being|verb|ن ش أ|أَنْشَأَ|يُنْشِئُ|إِنْشَاءٌ|bring into being; raise|پیدا کرنا؛ پرورش کرنا|
tell-ii|verb|ح د ث|حَدَّثَ|يُحَدِّثُ|تَحْدِيثٌ|tell; narrate|بات کرنا؛ بیان کرنا|
be-invalid|verb|ب ط ل|بَطَلَ|يَبْطُلُ|بُطْلَانٌ|become invalid; vanish|باطل ہونا؛ مٹ جانا|
give-freely|verb|ب ذ ل|بَذَلَ|يَبْذُلُ|بَذْلٌ|give freely; expend|خرچ کرنا؛ بخشنا|
epidemic-n|noun|و ب أ|وَبَاءٌ|أَوْبِئَةٌ|-|epidemic|وبا|
be-mad|verb|ج ن ن|جُنَّ|يُجَنُّ|جُنُونٌ|be driven mad (passive lexical form)|پاگل ہونا|
deny-ii|verb|ك ذ ب|كَذَّبَ|يُكَذِّبُ|تَكْذِيبٌ|deny; call a liar|جھٹلانا|يكذبون
reluctance-n|noun|ك ر ه|كَرْهٌ|-|-|reluctance; unwillingness|ناگواری|
full-strength|noun|ش د د|أَشُدٌّ|-|-|full strength; maturity|جوانی؛ پوری طاقت|
higher-plural|adjective|ع ل و|عُلْيَا|عُلًى|-|higher; lofty (feminine)|بلند|على
boredom-n|noun|س أ م|سَأَمٌ|-|-|boredom; weariness|اکتاہٹ|
victory-n|noun|غ ل ب|غَلَبٌ|-|-|victory; overcoming|غلبہ|
shield-n|noun|ج ن ن|جُنَّةٌ|جُنَنٌ|-|shield; protection|ڈھال|
govern-v|verb|و ل ي|وَلِيَ|يَلِي|وِلَايَةٌ|take charge; govern|ذمہ داری سنبھالنا|
touch-n|noun|م س س|مَسٌّ|-|-|touch|چھونا|
be-deserved|verb|ح ق ق|حَقَّ|يَحِقُّ|حُقُوقٌ|be due; be deserved|واجب ہونا؛ حق ہونا|
little-daughter|noun|ب ن ي|بُنَيَّةٌ|بُنَيَّاتٌ|-|little daughter|چھوٹی بیٹی|بنيتي بنيتيّ
so-that-ky|particle|-|كَيْ|-|-|so that|تاکہ|
enjoy-nym|verb|ن ع م|نَعِمَ|يَنْعَمُ|نَعِيمٌ|enjoy comfort|خوش حال رہنا|
replace-ii|verb|ب د ل|بَدَّلَ|يُبَدِّلُ|تَبْدِيلٌ|change; replace|بدلنا|
request-n|noun|ط ل ب|طَلَبٌ|طَلَبَاتٌ|-|request; seeking|درخواست؛ تلاش|
raise-up|verb|ر ف ع|رَفَعَ|يَرْفَعُ|رَفْعٌ|raise; lift|اٹھانا|
understand-v|verb|ع ق ل|عَقَلَ|يَعْقِلُ|عَقْلٌ|understand; reason|سمجھنا|
recompense-n|noun|ج ز ي|جَزَاءٌ|-|-|reward; recompense|بدلہ؛ اجر|
listener|noun|س م ع|مُسْتَمِعٌ|مُسْتَمِعُونَ|-|listener|سننے والا|
food-sustenance|noun|ق و ت|قُوتٌ|أَقْوَاتٌ|-|sustenance; food|خوراک|
comfort-eye-n|noun|ق ر ر|قُرَّةٌ|-|-|comfort; delight (قرة عين)|آنکھوں کی ٹھنڈک|
year-hijja|noun|ح ج ج|حِجَّةٌ|حِجَجٌ|-|year (in ثماني حجج)|سال|
beating-blind-n|noun|خ ب ط|خَبْطٌ|-|-|blind stumbling; confusion|ٹامک ٹوئیاں؛ بے ربط حرکت|
ascend-observe|verb|ط ل ع|اطَّلَعَ|يَطَّلِعُ|اطِّلَاعٌ|look out; ascend to see|جھانکنا؛ دیکھنے کے لیے چڑھنا|أطلع
