# id|partOfSpeech|root|singular_or_madi|plural_or_mudari|masdar|english|urdu|additional_bare_forms
shuaib|proper-noun|-|شُعَيْبٌ|-|-|Shuaib, the prophet|حضرت شعیب|شعيبا
sh-look-n|noun|ن ظ ر|نَظْرَةٌ|نَظَرَاتٌ|-|look; glance|نظر؛ جائزہ|
sh-previous|adjective|س ب ق|سَابِقٌ|سَابِقُونَ|-|previous; preceding|سابق؛ پچھلا|سابقة
sh-foreign|adjective|ج ن ب|أَجْنَبِيٌّ|أَجَانِبُ|-|foreign|اجنبی|أجنبية
sh-smart|adjective|ذ ك و|ذَكِيٌّ|أَذْكِيَاءُ|-|intelligent|ذہین|أذكياؤ
sh-rhet|noun|ر ه ط|رَهْطٌ|أَرْهَاطٌ|-|clan; small group of kinsmen|کنبہ؛ خاندان|
sh-reform-n|noun|ص ل ح|إِصْلَاحٌ|-|-|reform; putting right|اصلاح|
sh-dependence|noun|ع م د|اعْتِمَادٌ|-|-|reliance; dependence|اعتماد|
sh-beloved|adjective|أ ث ر|أَثِيرٌ|أَثِيرُونَ|-|cherished; favoured|عزیز؛ پسندیدہ|أثيرة
sh-intellect|noun|ل ب ب|لُبٌّ|أَلْبَابٌ|-|intellect; understanding|عقل|
sh-thicket|noun|أ ي ك|أَيْكَةٌ|أَيْكٌ|-|thicket; wooded place (al-Aykah)|گھنے درختوں کا علاقہ|
sh-humanity|noun|أ ن س|إِنْسَانِيَّةٌ|-|-|humanity; humaneness|انسانیت|
sh-commercial|adjective|ت ج ر|تِجَارِيٌّ|تِجَارِيُّونَ|-|commercial; relating to trade|تجارتی|تجارية
sh-short-measure|noun|ط ف ف|تَطْفِيفٌ|-|-|giving short measure|ناپ تول میں کمی|
sh-main-road|noun|ج د د|جَادَّةٌ|جَوَادُّ|-|main road; highway|شاہراہ|
sh-certainty|noun|ج ز م|جَزْمٌ|-|-|certainty; firm conviction|یقین؛ قطعی علم|
sh-dear|adjective|ح ب ب|حَبِيبٌ|أَحِبَّاءُ|-|dear; beloved|محبوب؛ عزیز|حبيبة
sh-address|noun|خ ط ب|خِطَابٌ|خِطَابَاتٌ|-|address; speech|خطاب|
sh-profit|noun|ر ب ح|رِبْحٌ|أَرْبَاحٌ|-|profit|منافع|
sh-earthquake|noun|ر ج ف|رَجْفَةٌ|رَجَفَاتٌ|-|earthquake; violent shaking|زلزلہ|
sh-watcher|noun|ر ق ب|رَقِيبٌ|رُقَبَاءُ|-|watcher; observer|نگران|
sh-iraq|proper-noun|-|الْعِرَاقُ|-|-|Iraq|عراق|
sh-judge|noun|ف ت ح|فَاتِحٌ|فَاتِحُونَ|-|one who decides; judge (in خير الفاتحين)|فیصلہ کرنے والا|فاتحين
sh-capable|adjective|ق د ر|قَادِرٌ|قَادِرُونَ|-|able; capable|قادر؛ قدرت والا|
sh-measuring|noun|ك ي ل|كَيْلٌ|-|-|measuring by volume; measure|ناپنا؛ ناپ|
sh-measure|noun|ك ي ل|مِكْيَالٌ|مَكَايِيلُ|-|measure; measuring vessel|پیمانہ|
sh-balance|noun|و ز ن|مِيزَانٌ|مَوَازِينُ|-|balance; weighing scale|ترازو|
sh-victory|noun|ن ص ر|انْتِصَارٌ|-|-|victory; triumph|فتح؛ کامیابی|
sh-equity|noun|ق س ط|قِسْطٌ|-|-|justice; fair measure|انصاف|
sh-trade|noun|ت ج ر|تِجَارَةٌ|تِجَارَاتٌ|-|trade; commerce|تجارت|
sh-confirmation|noun|ص د ق|تَصْدِيقٌ|-|-|confirmation; affirmation|تصدیق|
sh-explanation|noun|ف س ر|تَفْسِيرٌ|تَفَاسِيرُ|-|explanation; interpretation|تفسیر؛ وضاحت|
sh-success|noun|و ف ق|تَوْفِيقٌ|-|-|success granted by Allah; enabling help|توفیق|
sh-unjust|adjective|ج و ر|جَائِرٌ|جَائِرُونَ|-|unjust; wrongful|ظالم؛ ناجائز|جائرة
sh-fallen|adjective|ج ث م|جَاثِمٌ|جَاثِمُونَ|-|fallen motionless; lying lifeless|اوندھا پڑا؛ بے جان|جاثمين
sh-narration|noun|ح ك ي|حِكَايَةٌ|حِكَايَاتٌ|-|story; narration|کہانی؛ بیان|حكايت
sh-sincere|adjective|خ ل ص|خَالِصٌ|خَالِصُونَ|-|pure; sincere|خالص|خالصة
sh-memory|noun|ذ ك ر|ذَاكِرَةٌ|ذَاكِرَاتٌ|-|memory|یادداشت|ذاكرت
sh-easy-mind|adjective|ر خ و|رَخِيٌّ|أَرْخِيَاءُ|-|comfortable; at ease (رخي البال)|آسودہ؛ مطمئن|
sh-increase-n|noun|ز ي د|زِيَادَةٌ|زِيَادَاتٌ|-|increase; addition|اضافہ|
sh-engaging|adjective|ش و ق|شَائِقٌ|شَائِقُونَ|-|engaging; interesting|دلچسپ|شائقة
sh-path|noun|ص ر ط|صِرَاطٌ|صُرُطٌ|-|path; road|راستہ|
sh-struggle|noun|ص ر ع|صِرَاعٌ|صِرَاعَاتٌ|-|struggle; conflict|کش مکش؛ مقابلہ|
sh-silence|noun|ص م ت|صَمْتٌ|-|-|silence|خاموشی|
sh-disregarded|adjective|ظ ه ر|ظِهْرِيٌّ|ظِهْرِيُّونَ|-|cast behind one's back; disregarded|پس پشت ڈالا ہوا|ظهريا
sh-exposure|noun|ع ر ض|عُرْضَةٌ|-|-|exposure; being liable to (عرضة لـ)|زد؛ شکار|
sh-clan|noun|ع ش ر|عَشِيرَةٌ|عَشَائِرُ|-|clan; tribe|قبیلہ|عشيرت
sh-knot|noun|ع ق د|عُقْدَةٌ|عُقَدٌ|-|knot; difficulty; fixation|گرہ؛ مشکل|
sh-strangeness|noun|غ ر ب|غَرَابَةٌ|-|-|strangeness; surprisingness|تعجب؛ انوکھا پن|
sh-zealous|adjective|غ ي ر|غَيُورٌ|غَيُورُونَ|-|zealous; protective of one's faith|غیرت مند|
sh-corrupt|adjective|ف س د|فَاسِدٌ|فَاسِدُونَ|-|corrupt; immoral|خراب؛ فاسد|فاسدة
sh-decisive|adjective|ق ط ع|قَاطِعٌ|قَاطِعُونَ|-|decisive; conclusive|قطعی؛ فیصلہ کن|قاطعة
sh-averse|adjective|ك ر ه|كَارِهٌ|كَارِهُونَ|-|unwilling; averse|ناپسند کرنے والا|كارهين
sh-fragment|noun|ك س ف|كِسْفَةٌ|كِسَفٌ|-|piece; fragment|ٹکڑا|كسفا
sh-language|noun|ل غ و|لُغَةٌ|لُغَاتٌ|-|language|زبان|
sh-riddle|noun|ل غ ز|لُغْزٌ|أَلْغَازٌ|-|riddle; mystery|معما|
sh-caravan|noun|ق ف ل|قَافِلَةٌ|قَوَافِلُ|-|caravan|قافلہ|
sh-as|particle|-|مِثْلَمَا|-|-|just as|جیسے|
sh-encompassing|adjective|ح و ط|مُحِيطٌ|مُحِيطُونَ|-|encompassing; surrounding|گھیرنے والا|
sh-sincere-doer|adjective|خ ل ص|مُخْلِصٌ|مُخْلِصُونَ|-|sincere; devoted|مخلص|مخلصة
sh-articulate|adjective|ف ص ح|مُفْصِحٌ|مُفْصِحُونَ|-|articulate; expressing clearly|صاف بیان کرنے والا|
sh-contented|adjective|ه ن أ|هَنِيءٌ|هَنِيئُونَ|-|happy; contented|خوش؛ مطمئن|
sh-follower|noun|ت ب ع|تَابِعٌ|أَتْبَاعٌ|-|follower|پیروکار|
sh-clearer|adjective|و ض ح|أَوْضَحُ|-|-|clearer; more lucid|زیادہ واضح|
sh-reverence|noun|ج ل ل|إِجْلَالٌ|-|-|reverence; veneration|تعظیم|
sh-happiness-making|noun|س ع د|إِسْعَادٌ|-|-|making happy; bringing well-being|خوش حال بنانا|
sh-rescue-n|noun|ن ق ذ|إِنْقَاذٌ|-|-|rescue; deliverance|بچانا؛ نجات|
sh-diminution|noun|ب خ س|بَخْسٌ|-|-|diminution; withholding another's due|حق مارنا؛ کمی|
sh-lengthening|noun|ط و ل|تَطْوِيلٌ|-|-|lengthening; elaboration|طوالت|
sh-loss|noun|ض ي ع|ضَيَاعٌ|-|-|loss; waste|ضیاع؛ بربادی|
sh-teacher|noun|ع ل م|مُعَلِّمٌ|مُعَلِّمُونَ|-|teacher|استاد|
sh-brutality|noun|و ح ش|وَحْشِيَّةٌ|-|-|brutality; savagery|وحشت؛ درندگی|
sh-insight|noun|ب ص ر|بَصِيرَةٌ|بَصَائِرُ|-|insight; discernment|بصیرت|
sh-conduct|noun|ص ر ف|تَصَرُّفٌ|تَصَرُّفَاتٌ|-|conduct; action|طرز عمل؛ تصرف|
sh-reasoning|noun|ع ل ل|تَعْلِيلٌ|تَعْلِيلَاتٌ|-|explaining reasons; justification|وجہ بیان کرنا|
sh-estimation|noun|ق د ر|تَقْدِيرٌ|تَقْدِيرَاتٌ|-|appreciation; esteem|قدر؛ احترام|
sh-reminder|noun|ذ ك ر|ذِكْرَى|-|-|reminder; admonition|یاد دہانی؛ نصیحت|
sh-desire|noun|ر غ ب|رَغْبَةٌ|رَغَبَاتٌ|-|desire; interest|رغبت|
sh-pride|noun|ز ه و|زَهْوٌ|-|-|pride; conceit|غرور|
sh-merchandise|noun|س ل ع|سِلْعَةٌ|سِلَعٌ|-|commodity; merchandise|سامان تجارت|
sh-conscience|noun|ض م ر|ضَمِيرٌ|ضَمَائِرُ|-|conscience|ضمیر|
sh-absence|noun|ع د م|عَدَمٌ|-|-|absence; lack|عدم؛ نہ ہونا|
sh-kinship|noun|ق ر ب|قَرَابَةٌ|-|-|kinship; relatedness|قرابت؛ رشتہ داری|قرابت
sh-solitude|noun|و ح د|وَحْدَةٌ|-|-|solitude; being alone|تنہائی|وحدت
sh-grieve|verb|أ س ي|أَسِيَ|يَأْسَى|أَسًى|grieve; feel sorrow|افسوس کرنا|آسى
sh-spend|verb|ن ف ق|أَنْفَقَ|يُنْفِقُ|إِنْفَاقٌ|spend|خرچ کرنا|
sh-fulfil|verb|و ف ي|أَوْفَى|يُوفِي|إِيفَاءٌ|fulfil; give in full|پورا کرنا|أوفوا
sh-denounce|verb|ن ك ر|اسْتَنْكَرَ|يَسْتَنْكِرُ|اسْتِنْكَارٌ|denounce; find objectionable|برا سمجھنا؛ انکار کرنا|
sh-acquire|verb|ك س ب|اكْتَسَبَ|يَكْتَسِبُ|اكْتِسَابٌ|acquire; earn|کمانا|اكتسبو
sh-discover|verb|ك ش ف|اكْتَشَفَ|يَكْتَشِفُ|اكْتِشَافٌ|discover|دریافت کرنا|اكتشفوا
sh-withhold|verb|ب خ س|بَخَسَ|يَبْخَسُ|بَخْسٌ|diminish; withhold what is due|حق مارنا|تبخسوا
sh-enthusiastic|verb|ح م س|تَحَمَّسَ|يَتَحَمَّسُ|تَحَمُّسٌ|become enthusiastic|جوش میں آنا|تتحمسون
sh-savour|verb|ذ و ق|تَذَوَّقَ|يَتَذَوَّقُ|تَذَوُّقٌ|savour; appreciate|لطف لینا|تتذوقون
sh-ravage|verb|ع ث و|عَثَا|يَعْثُو|عُثُوٌّ|act corruptly; ravage|فساد کرنا|تعثوا
sh-examine|verb|د ق ق|دَقَّقَ|يُدَقِّقُ|تَدْقِيقٌ|examine closely|باریکی سے جانچنا|
sh-explain|verb|ش ر ح|شَرَحَ|يَشْرَحُ|شَرْحٌ|explain; expand (the heart)|سمجھانا؛ کھولنا|
sh-untie|verb|ف ك ك|فَكَّ|يَفُكُّ|فَكٌّ|undo; solve|کھولنا؛ حل کرنا|فكوا
sh-threaten|verb|و ع د|تَوَعَّدَ|يَتَوَعَّدُ|تَوَعُّدٌ|threaten|دھمکانا|يتوعدون
sh-read|verb|ق ر أ|قَرَأَ|يَقْرَأُ|قِرَاءَةٌ|read|پڑھنا|قرأتم
sh-grow-big|verb|ك ب ر|كَبُرَ|يَكْبُرُ|كِبَرٌ|grow large; become burdensome|بڑا ہونا؛ بھاری پڑنا|كبرت
sh-stone|verb|ر ج م|رَجَمَ|يَرْجُمُ|رَجْمٌ|stone; pelt with stones|پتھر مارنا|رجمنا رجمو
sh-fulfil-duty|verb|أ د ي|أَدَّى|يُؤَدِّي|أَدَاءٌ|fulfil; perform; deliver|ادا کرنا|
sh-feign-ignorance|verb|ج ه ل|تَجَاهَلَ|يَتَجَاهَلُ|تَجَاهُلٌ|pretend not to know; ignore|انجان بننا|
sh-repeat|verb|ر د د|رَدَّدَ|يُرَدِّدُ|تَرْدِيدٌ|repeat; retell|دہرانا|ترددون
sh-excuse|verb|ع ل ل|تَعَلَّلَ|يَتَعَلَّلُ|تَعَلُّلٌ|make an excuse; plead a pretext|بہانہ بنانا|تعللوا
sh-be-gentle|verb|ل ط ف|تَلَطَّفَ|يَتَلَطَّفُ|تَلَطُّفٌ|speak gently; act kindly|نرمی کرنا|
sh-retain|verb|و ع ي|وَعَى|يَعِي|وَعْيٌ|retain; comprehend|یاد رکھنا؛ سمجھنا|وعت
sh-vary-artfully|verb|ف ن ن|تَفَنَّنَ|يَتَفَنَّنُ|تَفَنُّنٌ|vary one's methods; show skill|طرح طرح کے طریقے اختیار کرنا|
sh-vary|verb|ن و ع|تَنَوَّعَ|يَتَنَوَّعُ|تَنَوُّعٌ|vary; become diverse|مختلف انداز اختیار کرنا|
sh-frighten|verb|خ و ف|أَخَافَ|يُخِيفُ|إِخَافَةٌ|frighten|ڈرانا|يخيفون
sh-commit|verb|ر ك ب|ارْتَكَبَ|يَرْتَكِبُ|ارْتِكَابٌ|commit; perpetrate|ارتکاب کرنا|
sh-give-short|verb|ط ف ف|طَفَّفَ|يُطَفِّفُ|تَطْفِيفٌ|give short measure|ناپ تول کم کرنا|يطففون
sh-understand|verb|ف ق ه|فَقِهَ|يَفْقَهُ|فِقْهٌ|understand|سمجھنا|نفقه
be-harsh|verb|ق س و|قَسَا|يَقْسُو|قَسْوَةٌ|be harsh; harden|سختی کرنا|يقس
sh-be-fluent|verb|ذ ل ل|ذَلَّ|يَذِلُّ|ذُلٌّ|become compliant or easy; flow readily (of tongues)|مانوس ہونا؛ زبان پر آسان ہو جانا|
sh-become-rich|verb|ث ر ي|أَثْرَى|يُثْرِي|إِثْرَاءٌ|become wealthy|مال دار ہونا|أثروا
sh-remain-profit|verb|ف ض ل|فَضَلَ|يَفْضُلُ|فَضْلٌ|remain; be left over|باقی بچنا|
sh-yemen|proper-noun|-|الْيَمَنُ|-|-|Yemen|یمن|
sh-plunder|verb|ن ه ب|نَهَبَ|يَنْهَبُ|نَهْبٌ|plunder; loot|لوٹنا|
sh-live-place|verb|غ ن ي|غَنِيَ|يَغْنَى|غُنِيٌّ|live; dwell (غني بالمكان)|رہنا؛ آباد ہونا|يغنوا
sh-mightier|adjective|ع ز ز|أَعَزُّ|-|-|mightier; more honoured|زیادہ عزیز؛ زیادہ طاقت ور|
sh-eloquent|adjective|ب ل غ|أَبْلَغُ|-|-|more eloquent|زیادہ فصیح|
sh-good|adjective|ح س ن|حَسَنٌ|حِسَانٌ|-|good; fine|اچھا|
sh-virtue|noun|ب ر ر|بِرٌّ|-|-|righteousness; goodness|نیکی|
sh-thought-n|noun|ظ ن ن|ظَنٌّ|ظُنُونٌ|-|supposition; conjecture|گمان|
sh-era|noun|ع ص ر|عَصْرٌ|عُصُورٌ|-|age; era|زمانہ|
sh-exposure-n|noun|ع ر ض|تَعَرُّضٌ|-|-|interference; intervening|مداخلت|
sh-ruin-n|noun|ت ل ف|تَلَفٌ|-|-|ruin; destruction|نقصان؛ تباہی|
sh-destroy|verb|ت ل ف|أَتْلَفَ|يُتْلِفُ|إِتْلَافٌ|destroy; waste|تباہ کرنا|
sh-burden|verb|ش ق ق|شَقَّ|يَشُقُّ|مَشَقَّةٌ|be burdensome; cause difficulty|مشکل ہونا؛ گراں گزرنا|
sh-unless|particle|-|لَوْلَا|-|-|were it not for|اگر نہ ہوتا|
sh-eloquence-n|noun|ب ي ن|بَيَانٌ|-|-|expression; clear speech|بیان|
sh-pride-tiih|noun|ت ي ه|تِيهٌ|-|-|haughtiness; conceit|تکبر|
sh-encompass|verb|و س ع|وَسِعَ|يَسَعُ|سَعَةٌ|encompass; contain|گھیر لینا؛ سما لینا|
sh-destruction|noun|ه ل ك|هَلَاكٌ|-|-|destruction; death|ہلاکت|
sh-equal|verb|س و ي|اسْتَوَى|يَسْتَوِي|اسْتِوَاءٌ|be equal; be alike|برابر ہونا|
sh-enrich|verb|غ ن ي|أَغْنَى|يُغْنِي|إِغْنَاءٌ|enrich; make self-sufficient|غنی کرنا|
sh-make-pleased|verb|ر ض ي|أَرْضَى|يُرْضِي|إِرْضَاءٌ|please; make satisfied|راضی کرنا|
sh-make-marvel|verb|ع ج ب|أَعْجَبَ|يُعْجِبُ|إِعْجَابٌ|please; impress|پسند آنا؛ بھلا لگنا|
sh-multiply|verb|ك ث ر|كَثَّرَ|يُكَثِّرُ|تَكْثِيرٌ|multiply; make numerous|زیادہ کرنا|
sh-show-understand|verb|ف ه م|أَفْهَمَ|يُفْهِمُ|إِفْهَامٌ|explain; make understand|سمجھانا|
sh-fall-cause|verb|س ق ط|أَسْقَطَ|يُسْقِطُ|إِسْقَاطٌ|cause to fall; drop|گرا دینا|أسقط
sh-wages-taking|noun|أ خ ذ|أَخْذٌ|-|-|taking|لینا|
sh-certainty-n|noun|ي ق ن|يَقِينٌ|-|-|certainty; sure knowledge|یقین|
sh-emphatic-in|particle|-|إِنْ|-|-|certainly; indeed (lightened إن, with emphatic ل)|یقیناً؛ تاکید کا حرف|
sh-threaten-iv|verb|و ع د|أَوْعَدَ|يُوعِدُ|إِيعَادٌ|threaten|دھمکی دینا|توعدون
